Rooms,Price,Bedroom2,Bathroom,Car,Landsize
2,1480000,2,1,1,202
2,1035000,2,1,0,156
3,1465000,3,2,0,134
3,850000,3,2,1,94
4,1600000,3,1,2,120
2,941000,2,1,0,181
3,1876000,4,2,0,245
2,1636000,2,1,2,256
1,300000,1,1,1,0
2,1097000,3,1,2,220
2,700000,2,2,1,0
3,1350000,3,2,2,214
2,750000,2,2,1,0
2,1172500,2,1,1,195
1,441000,1,1,1,0
2,1310000,2,1,2,238
3,1200000,3,2,1,113
3,1176500,2,1,1,138
3,955000,3,1,0,183
2,890000,2,1,1,150
4,1330000,4,2,2,780
3,900000,3,2,2,0
3,1090000,3,2,2,4290
2,500000,2,1,1,0
2,1100000,2,2,1,124
2,1315000,2,1,0,147
1,426000,1,1,1,0
3,1447500,3,3,1,166
1,457000,1,1,1,0
2,1135000,2,2,2,98
4,1542000,4,3,1,0
3,1290000,3,2,2,147
3,1290000,3,1,1,168
1,470000,1,1,1,0
2,1180000,2,1,0,162
3,1195000,3,2,1,120
2,1012500,2,1,0,182
2,1030000,2,1,1,172
3,840000,3,2,1,303
3,730000,3,2,1,0
3,770000,3,2,1,0
2,603000,2,1,1,272
3,700000,3,2,2,239
3,600000,2,1,1,290
2,500000,2,1,1,168
3,720000,2,1,1,620
4,785000,3,1,2,597
6,725000,6,3,2,976
2,450000,2,1,1,110
2,515000,2,1,1,141
2,530000,2,1,1,120
3,895000,3,1,6,1063
3,805000,3,1,1,0
3,752000,3,1,1,265
2,440000,2,1,1,192
5,755000,3,2,2,596
3,700000,3,2,2,165
3,830000,3,1,2,971
2,462500,2,1,1,164
3,670000,3,2,2,657
2,675000,2,1,1,612
3,1042000,3,2,5,612
3,910000,3,1,1,775
4,773000,5,3,4,531
3,810000,3,3,2,555
3,715000,3,2,2,422
3,790000,3,1,3,614
3,540000,2,2,1,161
3,825000,3,2,1,293
3,685000,3,1,1,579
3,805000,3,1,1,623
2,510000,2,1,1,141
3,612000,3,2,1,212
3,662000,3,1,2,612
4,978000,4,3,2,532
3,720000,3,1,1,585
4,765000,4,1,2,509
4,900000,4,2,3,628
2,1275000,2,1,0,120
2,1455000,2,1,0,159
3,2850000,3,2,0,211
3,1850000,3,2,0,128
2,1436000,2,1,0,130
2,1110000,1,1,0,147
2,1550000,2,1,1,167
4,2300000,4,2,1,153
3,1550000,3,2,2,718
3,1800000,3,2,1,132
2,2120000,2,1,1,199
3,1800000,3,1,1,253
3,1800000,3,2,1,90
2,1810000,2,1,0,240
3,2615000,3,2,1,177
5,2100000,5,2,1,237
3,1300000,3,1,0,129
3,1370000,3,2,2,0
2,1000000,2,1,0,288
3,2575000,3,2,1,228
2,1322500,2,1,0,149
2,1562500,2,1,0,141
3,2000000,3,2,1,211
3,1900000,3,1,0,209
3,3010000,3,2,0,147
4,2800000,4,3,1,327
2,647000,2,1,1,0
3,2100000,2,1,1,120
3,2000000,3,1,1,238
1,442500,1,1,0,0
4,4735000,4,2,1,330
2,1340000,2,1,0,136
3,1801000,3,1,1,202
3,1532000,3,3,1,0
3,3755000,3,2,2,325
4,2140000,3,2,1,183
2,1750000,2,1,1,162
2,980000,2,1,0,79
3,2030000,3,2,0,152
3,1740000,3,2,2,147
3,2800000,3,3,1,0
1,985000,1,1,0,81
4,2000000,3,2,4,853
3,1110000,3,2,2,208
3,1492000,3,2,2,411
4,1717500,4,2,1,599
5,2840000,5,4,4,809
2,525500,2,1,1,88
2,805000,2,2,3,155
2,465000,2,1,1,0
3,2000000,3,3,2,686
3,1540000,3,1,2,592
2,820000,2,1,1,183
4,1830000,4,2,2,606
4,2100000,4,2,2,575
3,865000,3,1,1,180
2,390000,2,1,1,0
2,650000,0,1,0,0
2,512000,2,1,1,0
3,1165000,3,1,2,979
4,1900000,4,2,2,556
3,1485000,3,0,0,597
4,1950000,4,2,3,589
3,520000,3,2,1,352
5,1525000,5,3,3,729
2,720000,2,1,2,292
3,1120000,3,1,2,506
4,780000,4,1,4,655
4,1780000,4,3,6,1057
3,630000,2,1,2,311
2,406000,2,1,1,65
3,660000,3,1,1,602
3,683500,3,1,1,530
2,580000,2,1,1,225
3,1335000,3,1,4,777
3,800000,3,2,2,280
2,510000,2,1,1,127
4,1070000,4,2,2,695
2,425000,2,1,2,115
3,605000,3,2,2,230
3,705000,3,2,2,197
2,391000,2,1,1,0
2,440000,2,1,1,0
4,845000,4,1,2,745
3,743000,3,2,2,211
3,730000,3,2,1,69
3,635000,3,1,4,625
2,620000,2,1,1,168
2,447000,2,1,1,137
3,730000,3,2,1,70
3,678000,3,1,2,606
2,580000,2,2,1,175
3,712000,3,1,2,363
3,840000,3,2,2,534
3,980000,3,1,2,724
3,605100,3,2,0,265
3,880000,3,3,1,577
3,577000,3,2,1,205
4,1030000,4,1,0,797
3,605000,3,1,2,181
3,753000,3,2,2,529
2,857000,2,2,1,675
3,1500000,3,1,1,929
3,730000,3,2,1,70
3,900000,3,1,4,697
3,740000,3,1,2,604
4,931000,4,2,3,532
2,535600,2,1,1,154
5,1085000,5,3,6,592
3,781000,3,1,2,533
3,750000,3,1,3,554
2,421000,2,1,1,77
3,1405000,3,1,3,655
3,683000,3,1,2,534
3,623000,3,1,3,540
3,720000,3,2,1,0
3,588000,3,1,1,328
3,710000,3,1,3,540
4,875000,3,1,4,559
3,700000,3,1,3,554
2,640000,2,1,1,252
4,650000,4,1,4,558
3,675000,3,2,2,171
3,708000,3,1,2,585
4,965000,4,1,4,851
3,680000,3,1,3,551
3,770000,3,1,3,602
3,923000,3,1,2,740
4,693000,4,2,4,315
3,620000,5,2,2,276
3,728500,3,1,1,531
3,931000,3,2,1,590
3,988000,3,1,4,715
3,590000,3,1,2,561
2,610000,2,1,2,691
3,815000,3,2,3,555
4,970000,4,1,2,708
4,760000,4,1,3,668
4,847500,4,3,1,252
4,1200000,4,1,4,633
3,700000,3,1,1,557
3,625000,3,1,1,536
2,292000,2,1,1,153
2,599000,2,1,1,0
2,550000,2,1,0,861
3,995000,3,2,2,0
3,1205000,3,2,2,101
3,1939000,3,2,2,296
1,421500,1,1,0,0
3,1870000,3,1,1,217
2,678000,2,1,2,0
3,1918000,3,2,2,0
2,660000,2,1,1,0
3,2050000,3,2,1,205
2,700000,2,1,2,0
2,3625000,3,2,2,0
4,3000000,4,2,2,1581
5,1525000,8,2,2,693
3,735000,3,2,1,2113
2,825000,2,1,1,0
3,1586000,2,2,2,246
2,645000,3,1,1,0
1,1435000,2,2,1,144
1,280000,1,1,1,0
1,400000,1,1,1,0
2,1780000,2,2,2,0
2,592500,2,1,1,0
2,1210000,2,1,0,249
4,2801000,4,2,2,624
1,390000,1,1,0,881
3,1800000,3,2,2,405
4,2200000,4,1,2,495
1,324000,1,1,1,0
6,5525000,5,3,4,1491
2,1125000,3,1,2,169
3,2250000,3,3,1,301
3,2360000,3,2,0,336
2,1900000,2,2,0,207
1,440000,1,1,1,0
2,490000,2,1,1,0
3,2365000,3,2,1,316
3,1300000,2,1,2,212
3,732000,3,2,2,0
2,704000,2,1,1,0
2,620000,3,1,1,0
3,1900000,3,1,2,328
1,315000,1,1,1,0
1,450000,1,1,1,0
2,710000,2,1,1,2471
2,872000,2,1,1,1194
2,598000,2,1,1,0
3,1285000,3,1,2,186
4,3660000,4,3,2,421
2,520000,1,1,1,0
4,3625000,4,1,2,709
4,4200000,4,3,3,563
3,1101000,3,1,2,103
3,3512500,3,2,2,617
4,2000000,4,3,4,544
3,869000,2,1,1,0
5,2810000,5,2,2,617
2,565000,3,1,1,0
1,567000,1,1,1,0
2,546000,2,0,0,0
2,471500,2,1,1,0
2,455000,3,1,2,0
3,940000,3,1,2,298
2,467000,2,1,1,0
3,1380000,3,2,2,277
2,490000,2,1,1,423
4,1850000,4,3,1,478
3,1284000,3,1,2,623
3,971000,3,2,2,285
2,710000,2,1,1,214
6,2425000,6,3,2,1014
2,750000,2,1,1,226
2,1053000,2,1,1,269
3,1377000,3,1,1,417
3,970000,3,1,2,350
2,940000,2,1,1,330
2,751000,2,1,1,118
2,950000,2,1,1,173
2,685000,2,1,2,228
3,1230000,4,1,2,594
2,636500,2,1,1,0
3,910000,3,1,0,317
2,770000,2,1,1,226
3,960000,3,2,2,229
4,890000,4,1,1,300
2,965000,2,1,1,170
3,1440000,3,1,1,487
2,955000,2,1,0,255
2,450000,2,1,1,0
3,801000,3,1,2,431
3,1000000,3,2,2,440
3,1435000,3,2,2,532
1,390000,1,1,1,0
3,1425000,3,2,2,495
4,1340000,3,2,2,683
3,955000,3,1,1,263
4,1100000,4,2,5,559
3,1255000,3,2,2,308
2,432000,2,1,1,0
4,1640000,4,3,2,562
6,1430000,4,2,1,461
2,610000,2,1,1,301
3,940000,3,3,1,491
3,890000,3,1,1,242
3,1180000,3,2,2,617
4,1480000,4,2,2,597
2,1150000,2,1,1,387
3,1350000,3,1,3,575
5,1905000,5,2,2,521
2,865000,2,2,1,146
2,705000,2,2,1,113
2,442000,2,1,1,0
2,540000,2,2,1,0
3,1037500,3,1,2,506
3,1050000,3,2,2,318
2,440000,2,1,1,0
2,1010000,2,1,1,325
4,1430000,4,2,0,418
2,570000,2,1,1,0
2,690000,2,1,1,0
3,1291000,3,1,2,414
3,1130000,3,2,1,272
3,1135000,3,1,1,296
4,950000,4,2,1,298
3,790000,3,2,1,0
2,390000,2,1,1,1957
4,1345000,4,1,1,552
3,1381500,3,2,2,416
3,940000,3,2,2,285
3,995000,3,2,1,314
3,1050000,3,1,3,536
3,786000,3,2,1,576
2,705000,2,1,3,252
2,760000,2,1,1,124
3,487500,3,1,3,0
3,1000000,3,2,2,200
4,1110000,4,2,1,349
4,1300000,4,1,4,664
3,1060000,3,1,1,555
3,1410000,3,2,2,459
3,1305000,2,1,1,278
3,932500,3,2,1,254
3,965000,3,1,0,216
3,1215000,3,1,1,452
2,545000,2,1,2,194
4,1705000,4,2,4,598
3,970000,2,1,1,194
2,925000,2,1,1,407
4,2650000,4,3,2,753
3,1670000,3,2,2,599
3,955000,3,2,2,203
3,2050000,3,3,4,310
2,500000,2,1,1,710
2,1575000,2,1,2,679
3,1555000,3,2,2,731
3,1100000,3,3,2,276
3,1337000,3,1,2,583
8,2950000,9,7,4,1472
4,2215000,4,2,1,681
3,1518000,3,2,2,516
3,1710000,3,1,2,806
3,1655000,3,1,3,780
4,1550000,4,2,2,780
3,1662000,3,2,2,351
3,1665000,3,2,3,702
2,1445000,2,1,2,704
5,3510000,5,5,2,755
3,968000,3,1,1,227
3,900000,3,2,2,153
3,1500000,3,1,2,545
5,2752000,6,4,2,1075
3,1500000,3,2,2,710
4,1800000,4,2,4,749
3,1830000,3,2,3,724
3,1415000,3,1,1,605
2,1440000,2,1,1,687
4,1250000,4,2,2,321
3,1422000,3,1,2,583
5,1600000,5,3,4,700
4,1860000,4,2,3,696
3,1710000,3,2,2,295
4,1790000,4,2,2,514
4,1950000,4,2,2,844
3,1600000,3,1,2,637
3,1320000,3,1,2,1063
3,1650000,3,1,1,697
2,995000,2,1,1,583
3,1250000,3,1,1,842
3,1045000,3,2,2,467
4,1200000,4,3,2,372
2,1075000,2,1,2,695
4,1500000,2,2,2,621
3,1120000,3,1,2,723
2,700000,2,1,2,367
3,761000,3,2,4,400
4,1270000,4,2,1,724
4,1510000,4,2,2,526
3,1365000,3,1,1,792
4,1100000,3,2,2,803
4,1415000,4,3,2,724
2,690000,2,1,1,216
3,1631000,3,2,3,782
4,1500000,4,2,1,593
3,1060000,2,1,2,772
5,1529500,5,3,2,585
2,600000,2,1,1,153
2,535000,2,1,1,72
3,785000,3,1,1,557
4,1240000,4,2,2,766
2,700000,2,1,2,192
4,1350000,4,2,1,727
2,1110000,2,1,1,586
3,1305000,3,1,1,760
3,855000,3,2,1,320
3,900500,3,2,2,256
3,1200000,3,2,2,839
3,830000,2,1,2,212
3,850000,3,1,1,593
3,750000,3,1,1,0
3,851000,3,3,1,557
3,848000,3,1,2,542
4,806000,4,2,1,350
4,1155000,3,2,2,569
3,670000,3,2,2,671
4,1200000,4,5,4,673
3,636000,2,1,2,571
3,680000,3,1,2,570
4,1160000,4,3,2,789
3,750000,3,1,1,529
3,627500,3,1,1,550
3,880000,3,2,2,339
4,950000,4,3,3,761
4,1600000,4,3,3,1801
2,585000,2,1,1,136
3,650000,3,1,3,574
3,725000,3,1,4,606
3,665000,3,2,1,289
3,560500,3,1,1,177
3,615000,3,1,2,649
3,845000,3,1,3,704
3,585000,3,1,2,322
2,440000,2,1,1,263
3,850000,3,1,2,766
5,850000,5,2,4,574
3,705000,3,1,1,581
4,1100000,4,3,2,873
3,892500,3,1,1,586
3,695000,3,1,2,588
2,522500,2,1,1,220
4,680000,4,2,2,554
3,500000,3,1,1,260
2,550000,2,1,2,158
3,730000,3,2,2,705
3,875000,3,1,3,812
3,850000,3,2,8,585
3,635000,3,1,1,597
4,762000,4,2,2,589
2,411000,2,1,1,0
4,790000,4,2,2,570
4,605000,4,1,0,569
3,805000,3,2,2,593
4,890000,4,2,4,585
3,795000,3,1,1,549
3,634000,4,2,1,582
3,642000,3,1,1,590
3,863000,3,2,3,638
3,740000,3,1,2,607
4,1819000,3,2,1,244
2,410000,2,1,2,0
1,280000,1,1,1,0
2,1015000,2,1,2,114
2,502500,2,1,1,0
2,520000,2,1,0,0
2,442000,2,1,1,0
3,1193000,3,1,1,178
2,416000,2,1,1,0
2,820000,2,1,1,0
2,474000,2,1,1,0
2,981000,2,1,0,159
3,1690000,3,2,2,339
2,540000,2,1,1,483
3,1080000,3,1,1,157
1,500000,1,1,0,0
2,497500,2,0,0,0
2,2100000,2,1,1,659
4,1800000,4,2,2,715
2,1255000,2,1,1,208
3,1070000,3,2,2,206
5,2570000,5,3,2,715
4,2400000,4,2,2,744
3,2200000,3,3,2,651
5,3250000,5,5,2,651
2,806000,2,1,1,122
6,4000000,6,4,7,2051
2,1215000,2,2,2,0
5,2250000,5,3,2,600
2,812000,2,1,1,206
3,1140000,3,2,2,175
3,2330000,3,2,1,853
5,2800000,5,3,2,678
2,605000,2,1,1,0
3,1255000,3,2,2,308
2,1850000,3,1,1,1015
2,805000,3,1,1,209
3,700000,3,1,1,188
4,2130000,4,2,2,664
2,500000,2,1,1,0
3,2125000,3,2,2,699
4,1800000,3,2,2,577
2,635000,2,1,1,0
2,526000,2,1,1,0
1,390000,1,1,1,740
3,905000,3,1,2,281
4,1750000,4,3,2,453
2,760000,2,1,1,121
4,3180000,4,3,4,1148
3,1367000,3,2,2,219
5,3600000,5,3,2,678
5,2550000,5,3,2,642
4,1400000,4,3,2,241
4,3270000,4,2,4,935
2,625000,2,1,1,115
2,700000,2,1,1,104
3,1860000,3,1,4,671
4,2730000,4,3,2,674
5,2020000,5,2,2,611
2,460000,2,1,1,0
4,2250000,3,1,2,832
2,1053000,2,1,2,231
3,1800000,3,2,2,380
3,1472000,3,2,2,306
3,2120000,3,1,2,651
3,1910000,3,1,2,697
2,754000,2,1,1,87
5,3000000,5,5,2,671
5,3400000,5,6,4,739
4,2188000,4,2,2,752
2,755000,2,1,1,213
4,2900000,4,3,2,596
4,3290000,4,3,2,1007
5,2665000,4,3,2,674
4,1801000,4,2,2,583
4,2410000,4,2,1,685
2,650000,2,1,1,0
4,2275000,4,2,1,842
5,2810000,5,3,4,1468
3,1385000,3,2,2,190
4,2000000,3,1,2,739
4,1900000,4,2,1,665
3,3401000,3,2,1,706
3,1750000,3,2,3,613
5,4000000,5,4,3,1437
3,1100000,3,2,1,259
5,3020000,5,3,2,715
3,2950000,4,2,2,650
5,2450000,4,2,2,981
3,1912000,2,1,2,844
2,730000,2,1,1,130
5,3900000,5,7,6,0
3,1500000,3,2,2,404
3,1850000,3,1,1,607
4,1700000,3,1,1,672
2,1010000,2,0,0,1611
3,1315000,3,2,2,260
3,1500000,3,2,1,778
4,3230000,4,4,3,1135
2,1080000,2,1,1,253
7,1350000,7,2,0,942
4,1905000,4,2,2,647
5,3300000,5,4,2,760
4,1900000,4,2,2,642
3,2251000,3,1,2,888
4,2205000,4,2,2,750
3,1265000,3,2,1,347
3,2000000,3,1,3,772
4,1750000,4,2,2,673
3,1450000,3,1,2,665
4,2614000,4,2,2,772
4,1825000,4,2,3,736
4,2550000,4,1,4,847
4,1570000,4,2,1,546
5,3250000,3,4,2,886
4,1750000,4,3,3,667
3,1150000,3,2,1,207
3,1575000,3,2,2,645
6,1505000,4,2,2,724
4,1572000,4,2,2,662
4,1500000,3,2,2,610
4,1400000,4,2,1,283
5,1750000,5,3,2,705
4,1850000,4,2,2,619
3,1480000,3,1,2,992
4,1400000,4,2,2,714
4,2130000,4,3,2,1274
3,1050000,3,2,2,244
5,3690000,4,4,2,624
4,1740000,4,2,2,610
4,2575000,4,3,2,657
4,1388800,3,2,1,517
4,1702000,4,2,2,715
4,1800000,4,2,4,587
4,2910000,4,3,2,1070
2,1400000,2,1,1,694
2,860000,2,2,2,204
4,1670000,4,3,2,689
5,1500000,3,1,1,800
5,2200000,5,3,2,900
4,1350000,4,2,2,815
5,2070000,5,2,1,1138
3,1300000,3,1,2,464
3,1700000,3,2,3,763
3,1750000,2,1,2,854
3,980000,3,1,1,542
3,1230000,3,3,1,310
7,2600000,5,3,3,637
4,1950000,3,3,2,665
5,1750000,5,2,2,710
5,2000000,5,2,2,1002
3,1480000,3,1,4,605
4,3000000,4,3,2,1247
3,1818000,3,1,1,722
4,2170000,4,2,2,1040
4,2525000,4,2,2,1235
4,3360000,4,3,1,904
4,1620000,4,2,1,654
3,1903000,3,1,2,713
4,1712000,3,2,2,639
4,1720000,4,3,2,869
4,1670000,4,1,4,1042
2,1350000,2,1,2,467
4,1675000,4,2,2,667
4,1680000,4,3,1,362
3,1800000,3,1,1,809
4,1550000,4,3,4,707
5,4000000,5,5,4,1364
3,2900000,4,2,2,917
4,2205000,4,2,2,1010
3,1137000,3,2,2,349
3,2100000,3,2,3,949
2,1389000,2,1,4,701
2,685000,2,1,1,177
6,1900000,6,1,6,691
3,1335000,3,2,2,368
3,1600000,3,2,2,760
3,1830000,3,2,2,493
4,1900000,4,2,4,587
5,1500000,5,2,2,605
2,735000,2,1,1,1075
2,1040000,2,1,1,250
3,1520000,3,1,2,622
4,1250000,4,2,2,644
6,1900000,6,3,2,808
5,1875000,5,3,2,842
4,1530000,4,2,2,701
4,1700000,3,2,5,754
3,1238000,3,2,2,186
3,1320000,3,1,0,635
2,560000,2,1,1,0
3,1651000,3,1,2,657
5,1920000,5,3,2,900
5,1560000,5,2,3,845
5,1550000,7,2,0,942
3,1038000,3,2,1,207
5,1660000,4,3,2,737
3,1260000,3,2,2,458
3,2000000,3,1,2,75100
4,2155000,4,2,3,620
3,1225000,3,2,2,282
4,2150000,4,2,2,730
3,1770000,3,2,1,720
2,691500,3,1,1,0
5,1836000,4,2,2,939
2,636000,2,1,2,202
2,1275000,2,1,2,599
3,875000,3,1,2,348
3,895000,3,2,2,362
2,1550000,2,1,4,730
4,1420000,4,1,4,786
3,1425000,3,2,2,613
2,851000,2,1,1,140
3,1222500,3,2,2,299
4,1260000,4,2,2,793
4,2700000,4,3,2,628
3,900000,3,2,1,418
3,1100000,3,2,2,0
7,1005000,7,3,4,607
3,1317500,3,1,1,576
2,360000,2,1,1,0
4,1435000,3,3,2,291
3,1110000,3,1,2,692
4,2435000,3,2,2,795
3,1500000,3,2,1,565
4,1300000,4,2,2,697
2,855000,2,1,1,298
3,1125000,3,1,2,584
3,1135000,3,1,2,627
3,867000,3,2,1,578
4,1328000,3,2,2,610
3,1340000,3,2,1,526
4,1155000,4,3,2,271
3,1275000,3,1,4,758
3,770000,3,2,2,0
2,855000,2,1,1,296
3,1100000,3,2,2,333
2,650000,2,1,1,116
4,1815000,4,2,4,902
4,2255000,4,3,2,557
3,1470000,3,2,2,613
2,420000,2,1,0,1045
2,855000,2,2,3,226
4,1450000,4,1,1,567
3,1200000,3,2,2,590
4,1860000,4,2,3,855
2,725000,2,1,1,227
3,1293000,3,1,1,632
3,1390000,3,1,2,723
3,1400000,3,2,1,699
3,1328000,3,2,2,690
4,1247000,4,2,3,354
3,1311000,3,2,2,592
3,1100000,3,1,2,382
3,1327500,3,1,2,700
4,1560000,4,3,1,695
3,1370000,3,1,2,624
3,1100000,3,1,2,632
4,1385000,4,2,1,576
3,1275000,3,2,2,309
3,1095000,3,2,1,581
2,797500,2,1,2,321
2,725000,2,1,1,677
3,825000,3,2,2,147
3,1235000,3,2,2,0
5,1600000,5,3,2,772
3,1165000,3,1,2,694
4,1355000,4,2,3,591
4,1910000,4,2,4,736
3,1448000,3,2,3,568
2,820000,2,1,3,336
3,895000,3,1,2,0
4,1041000,4,2,1,292
4,1430000,4,2,2,611
2,910000,2,1,2,274
4,2520000,4,4,2,579
3,1350000,3,1,1,617
2,635000,2,1,2,118
3,1280000,3,2,4,587
5,1900000,5,2,2,567
3,1230000,3,1,2,676
4,1150000,4,2,2,384
4,1650000,3,2,2,570
2,670000,2,2,1,123
2,680000,2,1,1,83
4,1320000,4,3,3,346
4,1380000,4,1,2,580
6,1900000,6,3,2,708
3,1535000,2,2,2,572
4,1281000,3,1,5,594
3,1096000,3,2,2,292
5,1385000,5,2,2,664
3,517500,3,1,1,0
4,1245000,4,2,2,345
2,503000,2,1,1,0
4,2620000,4,4,2,579
2,760000,2,1,1,192
2,405000,2,1,1,0
2,1410000,2,1,2,768
3,760000,3,1,2,287
2,825000,2,2,1,176
2,746000,2,1,2,281
1,580000,1,1,1,105
5,1275000,5,2,2,683
3,1206000,3,1,2,603
3,1115000,3,2,2,297
4,1190000,4,2,3,591
4,1270000,4,2,1,0
3,1025000,3,2,2,384
3,740000,3,2,1,258
4,1960000,4,2,4,601
2,495000,2,1,1,76
2,570000,2,1,1,145
4,1220000,3,2,2,585
3,885000,3,1,2,565
3,830000,0,2,2,292
4,1137500,4,1,2,696
4,1100000,4,2,2,633
3,1040000,3,2,2,598
4,1210000,3,3,2,291
4,1160000,3,2,2,321
3,1215000,3,2,3,730
4,1200000,4,2,2,619
3,1050000,3,2,2,627
5,950000,5,2,4,618
2,380000,3,2,1,0
2,689000,2,1,1,169
3,1400000,3,2,2,653
3,965000,3,1,4,574
3,1338000,3,2,2,610
3,800000,3,2,1,353
2,651000,2,1,1,265
3,920000,3,1,3,583
3,1390000,4,2,2,590
2,495000,2,1,1,96
1,370000,1,1,1,0
3,1100000,3,1,2,578
4,1100000,4,2,4,653
3,1355000,0,1,2,818
4,1206000,4,1,1,636
2,486500,2,1,1,0
2,1010000,3,1,1,597
3,899000,3,1,1,583
4,1415000,4,2,2,604
4,1185000,4,2,2,305
4,1060000,4,3,1,313
2,716000,2,1,2,212
3,1550000,3,1,1,581
3,840000,3,2,2,697
3,1110000,3,1,4,612
3,1106000,3,1,2,584
3,845000,3,2,2,295
3,860000,3,2,1,254
3,1208000,3,1,1,747
3,921000,3,2,2,167
3,1165000,3,1,1,732
3,1270000,3,1,2,694
2,742500,2,1,1,300
3,920000,3,2,2,578
3,1307000,3,2,4,684
4,1010000,4,1,2,658
2,702000,2,1,1,591
2,813000,2,1,1,306
3,805000,3,2,1,268
3,880000,2,1,3,660
4,1100000,4,2,1,274
3,1085000,3,2,4,710
3,920000,3,2,1,343
3,1050000,3,1,4,726
3,1560000,3,1,2,841
4,800000,4,2,2,601
2,722000,2,2,1,201
3,930000,3,1,2,588
3,921000,3,2,1,291
4,1035000,3,1,2,610
3,720000,3,2,1,228
3,1185000,3,1,2,618
4,1352000,4,2,2,618
4,1005000,4,2,2,296
2,761000,2,1,2,282
5,1600000,4,2,2,659
3,1200000,3,1,1,721
3,780000,3,2,2,421
4,1250000,4,2,2,314
3,750000,3,2,1,337
3,1300000,3,1,4,746
5,1475000,5,2,2,729
4,1110000,4,2,2,583
2,835000,2,2,1,362
4,1690000,4,2,2,700
3,791000,3,3,1,391
3,900000,3,1,3,780
3,1189000,4,2,2,337
3,825000,3,1,1,642
3,1030000,3,2,2,327
3,970000,3,2,2,267
3,930000,3,1,2,580
4,1510000,4,2,2,640
3,1240000,3,2,2,518
3,823000,3,2,2,213
4,1310000,4,2,2,606
4,1475000,4,2,2,674
4,950000,4,2,1,450
4,1045000,4,2,1,316
3,750000,3,2,1,188
3,800000,3,2,2,252
2,655000,2,1,1,154
5,1550000,5,3,2,623
3,835000,3,1,1,250
3,1140000,4,1,3,701
2,1120000,3,1,2,678
4,1465000,3,2,2,319
3,910000,3,1,1,587
3,920000,3,2,1,388
3,935000,3,2,2,230
3,977000,3,1,2,543
3,1352000,3,1,2,686
4,1115000,4,2,2,575
3,780000,3,1,1,710
3,1115000,3,2,2,1080
3,1197000,3,1,2,692
2,485000,2,2,2,0
3,810000,3,2,1,316
4,1365000,4,1,1,582
3,700000,0,0,0,456
4,1698888,4,2,2,598
4,1150000,4,2,2,639
2,340000,2,1,1,0
3,1000000,3,1,2,576
3,965000,3,2,1,283
3,870000,3,2,2,365
3,1405000,3,1,1,764
3,1161000,3,2,3,629
3,1266000,3,1,3,676
3,700000,3,2,2,194
4,1325000,4,4,2,363
3,770000,3,2,1,281
3,1110000,3,1,6,542
1,380000,1,1,1,0
4,1175000,4,2,2,620
3,1200000,3,1,1,640
4,1370000,4,1,2,684
4,1433500,4,1,1,725
2,1630000,2,1,2,724
3,1360000,3,1,3,676
4,900000,3,1,2,741
3,860000,3,2,1,210
2,772500,2,1,2,318
3,1001000,3,1,1,598
2,715000,2,1,1,194
3,801000,3,1,1,0
3,882000,3,2,2,208
2,1180000,2,1,1,687
3,840000,3,2,2,222
2,710000,2,1,1,0
4,1040000,4,2,2,643
5,1550000,5,3,2,583
3,930000,3,2,2,258
3,790000,3,1,2,406
3,1040000,3,1,2,625
3,1020000,3,1,2,596
3,670000,3,1,2,233
3,800000,3,2,2,261
4,1120000,3,2,2,209
3,970000,3,2,2,321
3,787500,3,2,1,300
3,950000,3,1,1,598
3,886000,3,2,1,185
3,780000,3,2,1,209
4,1015000,4,2,3,625
3,830000,3,2,2,395
3,1241000,3,1,1,643
4,1255000,4,2,2,610
3,1320000,3,1,1,593
3,870000,3,2,1,326
4,1472500,4,2,2,592
2,640000,2,2,2,298
2,1160000,2,1,2,750
4,1306000,3,2,1,651
3,1291000,3,1,2,635
4,1620000,4,2,2,697
2,645000,2,1,1,140
2,790000,2,1,1,195
4,880000,4,2,2,206
4,1560000,3,2,3,729
3,1715000,3,2,2,458
3,1200000,3,1,2,550
3,1760000,3,1,0,741
1,288000,1,1,1,774
3,948000,3,1,2,384
4,2770000,4,1,2,715
3,1412000,3,1,1,590
2,465000,2,2,1,0
4,975000,4,2,2,299
3,1325000,3,1,1,702
3,750000,3,2,1,150
3,1400000,3,2,1,643
3,1500000,3,1,2,664
4,1600000,4,2,1,692
2,616000,3,1,1,155
4,1661000,4,2,2,729
4,1461400,3,2,2,780
3,775000,3,1,1,211
4,1506000,4,2,3,669
4,1670000,4,4,4,707
1,340000,1,1,1,29
3,4000000,3,1,2,763
3,928000,3,1,1,307
2,761000,2,2,1,176
2,636000,2,1,1,151
4,1625000,4,2,2,620
4,1430000,4,2,0,585
3,836000,3,1,2,228
2,400000,2,1,1,0
3,1170000,3,1,1,755
4,1670000,4,2,2,590
3,1351000,3,1,2,662
3,857000,4,1,1,492
3,822500,3,2,1,238
2,560000,2,1,1,153
2,420000,2,1,1,0
3,870000,3,2,4,700
2,645000,2,1,1,566
3,502000,3,1,1,220
3,495000,3,2,1,327
3,660000,3,1,0,580
2,868000,2,1,4,749
4,645000,4,2,1,283
3,652000,3,2,1,216
4,850000,4,2,2,606
3,570500,3,1,1,471
3,575000,3,1,3,559
4,882000,4,2,2,393
3,730000,3,2,2,544
2,670000,2,1,2,551
3,585000,3,2,2,631
2,826000,2,1,2,667
4,610000,4,2,1,283
3,696000,3,1,0,557
2,660000,2,1,1,599
3,579000,3,2,1,198
4,856500,4,2,2,599
3,510000,3,1,2,587
3,765000,3,1,1,658
2,475000,2,1,1,115
4,550000,4,2,1,288
3,505000,3,2,2,4931
3,495000,3,1,1,158
3,680000,3,1,1,565
3,565000,3,2,1,566
3,697500,3,2,1,531
3,1550000,3,2,2,663
3,1635000,3,1,2,366
4,1830000,4,2,2,436
4,3695000,4,3,2,836
2,536000,2,1,2,0
4,3700000,4,3,2,742
4,3775000,4,3,2,745
3,1975000,3,1,2,432
2,1300000,2,2,1,244
3,1390000,3,1,2,340
4,4250000,4,3,2,750
4,2905000,4,3,1,487
2,1300000,2,2,2,329
3,1725000,3,2,2,411
3,2266000,3,2,2,450
4,2910000,4,1,2,732
3,2100000,3,2,2,463
6,2700000,6,3,3,0
2,800000,2,1,1,90
3,1750000,3,2,2,352
4,1761000,4,2,3,615
3,2600000,3,2,3,588
3,1302500,3,2,2,0
3,1900000,3,0,0,0
5,2750000,4,3,1,509
2,892500,2,1,2,232
4,2145000,3,2,1,550
5,3171000,4,2,2,710
2,1910000,2,2,4,696
3,1850000,3,2,2,0
3,1067000,3,0,1,0
3,1865000,3,2,2,295
2,620000,2,2,1,0
2,985000,2,1,1,611
3,1475000,3,2,2,345
2,502000,2,2,0,116
2,700000,2,1,1,0
3,2400000,3,2,2,835
2,590000,2,1,1,0
3,1650000,3,2,2,0
5,1562500,5,2,2,655
3,2050000,3,3,2,398
4,3180000,4,3,6,454
2,960000,2,1,2,363
4,3320000,4,3,2,644
4,2800000,4,3,3,596
3,1602000,3,2,2,328
2,1300000,2,2,2,0
2,1100000,2,1,2,0
3,1650000,3,2,1,354
2,1102000,2,1,2,318
2,575000,2,1,1,0
2,1570000,2,1,0,352
3,1411000,3,2,2,0
5,4700000,5,3,2,1073
3,1785000,3,2,1,404
2,1550000,2,2,2,404
3,1875000,3,2,2,275
4,2400000,4,2,2,640
3,1266000,3,1,2,277
3,826000,3,1,2,119
5,2730000,5,3,2,895
2,900000,2,2,1,118
3,1962000,3,2,2,323
4,3295888,4,3,2,565
1,375000,1,1,1,0
2,756000,2,1,1,0
2,800000,2,1,1,131
5,2100000,5,5,2,552
3,1500000,3,2,1,442
2,905500,2,1,1,122
3,2375000,4,2,2,547
3,2275000,3,2,1,359
3,1385000,3,1,2,426
2,1601000,2,1,1,380
3,2020000,5,6,2,685
3,1762000,3,2,2,483
3,2450000,3,3,2,482
2,858000,2,1,1,107
3,1427000,3,2,1,313
3,2517500,3,3,2,311
4,2800000,4,2,4,569
5,3700000,4,3,4,1572
3,1410000,3,1,1,375
4,2475000,4,2,2,605
4,2700000,4,2,2,732
3,1005000,3,1,1,0
4,3900000,4,2,2,842
2,610000,2,1,1,0
3,880000,3,1,1,138
2,737000,3,1,1,106
2,1532000,2,1,2,411
3,1250000,3,2,0,0
3,835000,3,2,1,0
3,2320000,3,2,2,589
4,2000000,4,2,2,471
2,1230000,2,2,2,201
3,2375000,3,2,2,470
2,1037000,2,1,2,125
4,3050000,4,4,2,578
4,1630000,4,2,2,432
2,1701000,2,1,2,0
2,760000,2,1,2,0
4,2640000,4,2,2,848
2,850000,2,1,1,0
1,671000,1,1,1,70
4,2250000,4,2,2,230
3,2900000,3,1,1,659
3,1620000,3,2,2,231
3,3550000,3,2,0,1007
4,2750000,4,2,2,687
5,3751000,3,3,2,584
3,1425000,3,2,2,495
4,2405000,4,1,2,695
3,1352500,2,2,1,280
3,2030000,4,2,2,366
5,3105000,4,2,2,1045
3,1171000,3,2,2,279
2,1400000,2,2,1,267
3,1600000,3,2,2,266
4,1500000,3,2,1,549
4,1940000,4,2,2,682
4,1850000,4,2,2,617
3,930000,3,1,1,329
4,1310000,4,3,2,618
2,1250000,2,1,2,443
4,2504000,4,2,2,674
2,700000,2,1,1,0
2,750000,2,1,3,305
3,1302500,3,2,2,391
2,1445000,2,1,1,649
2,980000,3,1,1,247
4,1495000,4,2,2,597
4,1825000,4,3,2,594
5,1700000,4,2,1,994
5,1400000,4,3,4,824
3,1075000,3,2,2,312
3,1860000,3,2,2,686
3,1500000,3,2,2,315
3,870000,3,2,2,158
4,2000000,4,2,2,687
3,1400000,3,1,3,613
3,1300000,3,2,3,619
5,1600000,5,2,2,616
2,1780000,4,3,2,635
5,1200000,5,2,5,775
2,775000,2,1,1,112
3,1480000,3,2,2,697
5,2900000,5,4,2,640
3,1590000,3,3,2,481
4,2840000,5,2,2,999
3,1580000,4,2,2,597
4,1100000,4,3,2,302
2,1000000,2,1,2,564
5,2500000,5,3,2,634
4,1700000,4,3,4,708
3,1405000,3,1,1,490
3,1290000,3,1,2,661
5,3207000,5,5,3,1561
3,880000,3,2,2,304
4,1920000,4,1,1,1000
3,1301000,3,2,2,401
4,2570000,4,3,2,898
5,2550000,5,3,2,915
5,1915000,5,2,0,645
4,1650000,5,3,2,598
4,1530000,2,2,1,603
2,805000,2,1,2,347
4,2050000,4,2,4,678
5,2550000,5,3,2,551
2,905000,2,1,2,189
3,1355000,3,1,2,759
2,1845000,2,1,2,604
5,1760000,5,3,2,601
5,2050000,5,3,3,669
3,1620000,3,2,4,678
3,940000,3,2,3,0
3,1710000,4,3,2,435
3,1800000,3,1,1,703
4,1706000,3,3,2,538
3,1300000,3,2,2,337
2,770000,2,1,2,157
4,2200000,4,2,2,654
3,1400000,3,2,2,486
3,900000,3,2,2,236
4,2150000,4,3,2,614
4,1725000,4,3,2,798
4,1755000,4,2,2,0
4,1650000,4,2,4,506
4,1720000,2,2,2,676
4,1815000,4,2,2,732
5,1450000,5,3,2,527
1,681000,2,1,1,166
3,1511000,2,2,2,496
2,1310000,4,3,2,302
1,340000,1,1,1,0
3,1537000,3,2,2,324
3,1100000,3,1,1,420
2,994000,2,2,2,539
4,1447000,4,1,2,590
2,692000,2,1,1,74
4,1367000,4,2,2,315
2,903000,2,1,1,171
4,2820000,4,4,4,509
2,1813000,2,1,2,660
5,1655000,5,2,2,679
3,1230000,3,2,2,297
4,1389000,4,1,2,656
2,750000,2,1,1,227
3,1245000,3,2,1,227
4,2310000,4,2,2,757
3,1420000,3,2,2,247
2,563000,2,1,1,1233
2,1014000,2,1,1,267
2,428000,2,1,2,0
2,1026000,2,1,0,225
4,1802500,4,3,1,238
4,1500000,4,3,1,365
4,2230000,4,2,3,851
3,1050000,3,1,2,264
2,410000,2,1,1,0
1,272500,1,1,1,0
3,680000,3,3,1,81
2,400000,2,1,1,0
3,950000,3,1,0,170
3,1310000,3,2,2,426
4,860000,4,2,1,95
2,845500,2,1,1,179
2,860000,2,1,1,181
2,605000,2,1,1,0
3,1055000,3,1,1,324
2,445000,2,1,1,0
2,659500,2,1,1,100
2,600000,2,1,1,0
3,627000,3,2,2,0
4,1450000,4,2,2,323
3,990000,3,1,2,410
4,1115000,4,1,0,264
3,1125000,3,1,1,278
3,855000,3,1,1,229
3,910000,2,1,1,215
3,940000,3,2,1,186
2,1100000,2,1,0,153
2,750000,2,2,1,118
2,1056000,2,1,1,315
2,620000,2,2,1,72
3,880000,3,2,1,122
3,1222500,3,1,0,331
3,810000,3,2,3,177
2,1105000,2,1,1,147
2,1260000,2,1,1,385
3,955000,3,2,2,327
1,895000,1,1,0,0
2,1094000,2,1,2,301
3,1135000,3,1,1,438
2,792000,2,1,1,149
2,587000,2,1,1,114
3,1060000,3,1,0,257
2,840000,2,1,1,186
2,890000,2,1,1,199
4,1358000,4,1,1,416
3,840000,2,1,0,209
2,685000,2,2,1,0
2,600000,2,1,1,768
3,905000,3,1,1,314
3,976000,3,2,1,240
3,641000,3,2,1,0
2,770000,2,1,0,152
1,279500,1,1,1,0
4,1800000,4,2,3,271
4,1350000,4,1,1,370
4,1320000,4,2,1,281
3,825000,3,1,1,210
2,860000,3,1,2,352
2,830000,2,1,1,319
2,936000,2,1,2,200
3,1261000,2,1,1,216
3,1045000,3,1,2,222
3,1044000,3,1,1,0
3,1050000,3,1,1,239
3,1691500,3,2,3,470
2,1075000,2,1,0,311
2,620000,2,1,1,135
2,501000,2,1,1,1140
3,1260000,3,1,6,563
3,1650000,3,1,2,495
2,601000,2,1,1,0
1,800000,1,1,4,330
2,1015000,2,1,0,453
1,625000,1,1,1,82
3,1700000,3,2,1,0
3,815000,3,2,1,99
2,435000,2,1,1,0
2,890000,2,1,1,259
3,1815000,3,1,3,612
5,2500000,5,2,2,555
2,860000,2,1,1,298
2,491000,2,1,1,1080
3,990000,3,2,1,194
2,350000,2,1,1,0
2,871000,2,1,1,215
3,985000,3,1,2,384
3,1250000,3,1,1,483
2,542000,2,1,1,0
3,641000,3,2,1,0
5,1395000,4,2,2,391
3,860000,3,1,1,184
1,440000,1,1,1,0
2,860000,2,1,0,153
3,835000,3,1,0,302
2,705000,2,1,1,161
2,800000,2,1,0,137
3,880000,3,1,1,264
3,1000000,3,1,1,370
2,754000,2,2,1,177
2,916000,2,1,0,1328
2,590000,2,1,1,0
2,575000,2,1,1,0
2,1020000,2,1,1,279
3,1510000,3,1,0,325
2,801000,2,2,1,156
3,820000,3,2,2,4668
1,370000,1,1,1,540
3,1170000,3,1,0,285
4,1790000,3,1,1,416
3,640000,3,2,1,110
4,820000,3,1,0,416
4,1875000,4,2,2,657
3,1053000,3,1,1,343
3,705000,2,1,1,55
1,240000,1,1,1,0
4,1175000,4,1,2,319
4,1217000,4,1,0,363
3,1020000,3,1,3,308
2,1180000,2,1,1,0
3,1340000,3,1,1,316
4,1410000,4,2,1,460
3,1550000,3,1,1,346
3,740000,3,2,1,4676
3,947000,3,1,2,996
2,592500,2,1,2,0
3,1317000,3,1,1,480
1,370000,1,1,1,0
2,765000,2,1,1,199
1,772000,1,1,1,147
3,1210000,3,2,1,280
4,1755000,4,2,1,354
2,1073000,2,1,1,182
3,1080000,3,2,1,316
2,945000,2,1,2,246
2,755000,2,1,1,159
2,521500,2,1,1,0
2,320000,2,1,1,0
3,1190000,3,1,1,0
3,942000,3,1,0,358
2,471000,2,1,1,564
2,473000,2,1,2,568
3,1200000,3,1,1,600
4,930000,4,2,2,299
1,265000,1,1,1,0
3,955000,3,1,0,220
5,1350000,5,2,2,510
2,380000,2,1,1,0
1,300000,1,1,0,0
3,810000,3,1,2,349
2,380000,2,1,1,0
3,793000,3,1,0,275
2,400000,2,1,1,73
2,400500,2,1,1,0
3,797500,3,2,2,262
2,435000,2,1,1,0
3,920000,3,1,2,501
3,1172000,3,1,2,512
3,1300000,3,1,2,364
3,1330000,3,1,2,353
3,1245000,3,1,1,412
2,900000,2,1,1,410
7,1205000,7,3,1,447
2,380000,2,1,1,0
3,1095000,3,1,1,411
2,680000,2,1,1,0
2,711000,2,1,1,177
2,910000,2,1,4,576
3,1186000,3,1,3,608
2,500000,2,1,1,0
2,1005000,2,1,1,284
2,385000,2,1,1,0
2,656000,2,1,1,0
2,370000,2,1,1,2120
1,320000,1,1,1,0
4,988000,4,1,1,384
2,400000,2,1,1,0
1,330000,1,1,1,0
5,1200000,5,2,3,553
2,537000,2,1,1,501
3,910000,3,1,2,717
1,285000,1,1,1,0
4,921500,3,1,1,575
3,995000,3,1,2,505
3,901000,3,1,4,357
2,1315000,2,1,2,554
2,370000,2,1,1,0
2,735000,2,1,2,120
4,1000000,3,1,1,589
1,252000,1,1,1,0
4,1700000,4,2,2,621
2,820000,3,1,1,206
2,370000,2,1,1,0
2,484000,2,1,1,0
3,815000,3,1,2,157
3,1150000,3,1,2,726
1,351000,1,1,1,0
4,1150000,4,1,2,519
2,598000,2,1,1,69
2,497000,2,1,1,0
2,403000,2,1,2,0
2,440000,2,1,1,0
2,816000,3,2,1,343
4,1585000,4,1,2,562
4,970000,4,3,2,499
3,851000,3,1,2,385
4,1300000,4,1,2,717
4,1110000,3,2,2,562
4,1235000,4,2,2,556
4,1505000,4,3,2,410
4,1303000,4,2,2,670
5,1336000,5,3,3,736
3,880000,3,2,2,514
3,980000,3,1,1,701
3,975000,3,2,2,632
3,1127000,3,1,2,631
3,990000,3,2,1,585
4,1401000,5,2,2,617
3,1340000,2,1,2,775
4,1225000,4,2,2,723
5,1490000,5,3,2,796
3,1250000,3,2,2,315
4,1002000,4,1,2,650
4,1260000,4,2,2,730
3,905000,3,3,2,401
3,1400000,3,1,3,770
4,1085000,4,2,1,1124
4,1300000,4,3,1,604
3,787000,3,1,2,306
4,1280000,4,1,2,732
3,1075000,3,1,1,604
2,890000,2,1,2,559
4,1320000,4,3,2,411
4,1302000,4,2,2,475
3,1050000,3,2,1,728
4,1000000,4,2,3,672
4,1300000,4,2,2,744
4,1250000,4,2,2,732
4,976000,4,1,1,701
2,980000,3,1,1,551
3,812500,3,1,1,421
3,990000,3,1,2,602
4,1244000,4,2,2,530
4,1100000,4,2,2,693
4,1475000,4,2,2,617
4,1140000,4,2,3,554
2,833000,2,1,0,359
2,903000,2,1,1,591
4,1351000,4,2,2,740
2,1060000,2,1,2,609
3,1063000,3,1,2,602
5,1590000,4,3,2,661
3,1390000,3,1,2,697
3,1300000,3,1,2,773
4,1890000,4,2,2,1145
3,1022500,3,2,2,265
3,1250000,3,1,1,662
3,1151000,3,1,1,695
3,1755000,3,1,1,931
3,686000,3,1,2,273
3,1300000,3,1,1,667
3,1160000,3,1,1,786
4,2000000,4,3,2,928
3,790000,3,1,2,318
4,1682000,4,2,1,921
3,625000,3,2,1,0
3,780000,3,2,2,160
3,1342000,3,1,2,690
4,1782800,4,2,2,804
3,1468000,3,1,2,706
2,650000,2,1,1,194
5,1060000,4,3,2,326
4,1255000,4,2,2,438
4,900000,3,1,4,586
2,633000,2,1,1,276
3,1070500,3,1,2,776
3,1175000,3,1,2,661
3,1521000,3,2,2,660
2,1350000,2,1,2,593
3,752000,4,2,2,217
3,570000,3,1,1,384
3,1460000,3,1,2,742
3,745000,3,1,2,228
5,2150000,5,4,2,643
3,746000,3,1,2,308
3,1540000,3,2,2,653
3,1145000,3,2,2,329
5,1410000,5,2,1,824
3,640000,3,1,1,217
4,1800000,4,2,2,1393
4,1270000,4,2,2,399
4,900000,4,3,2,381
4,1250000,4,2,2,499
4,1410000,3,2,3,739
5,1100000,5,2,1,544
4,1485000,4,2,2,662
3,2068000,3,1,1,1101
3,1000000,3,1,1,589
4,800000,4,2,1,0
3,702000,3,2,1,170
4,2650000,4,2,1,652
3,1615000,3,1,2,389
4,3225000,4,3,2,934
2,1017000,2,1,2,0
2,729000,2,1,1,137
5,2600000,5,4,1,708
3,1650000,3,2,2,305
5,2860000,5,3,4,753
2,950000,2,1,2,230
2,615000,2,1,1,1107
3,1987000,3,2,2,706
2,683000,2,1,1,146
3,1690000,3,2,1,777
2,430000,2,1,1,0
2,717000,2,1,1,136
3,1300000,3,2,2,342
4,2950000,4,2,4,661
4,2600000,3,2,2,600
3,2325000,3,2,2,1133
2,435000,2,1,1,896
2,892000,2,1,1,335
2,900400,2,1,1,93
4,2090000,4,2,2,650
3,1250000,3,2,2,232
3,2000000,3,1,2,821
3,1302000,2,1,1,427
3,1430000,3,2,2,244
3,1622000,3,1,1,544
2,502000,2,1,1,0
2,435000,2,1,1,896
2,620000,2,1,1,122
5,2000000,5,3,2,801
3,591000,3,1,1,0
5,2608000,5,2,4,730
3,1780000,3,1,1,769
3,2250000,3,2,2,656
2,895000,2,1,1,424
3,1800000,3,2,0,584
4,1400000,3,0,0,693
2,693000,2,1,1,84
2,900000,2,1,1,150
5,2700000,5,3,2,802
2,530000,2,1,1,0
2,805000,2,2,2,188
4,2228000,4,2,2,813
3,930000,3,2,2,132
2,590000,2,1,1,0
4,4760000,4,2,2,903
3,1602500,3,1,1,405
3,1515000,3,2,2,318
2,1800000,2,1,4,368
2,530000,2,1,1,0
2,558000,3,1,1,0
2,1185000,3,2,2,259
3,2177000,3,1,2,635
3,2155000,3,1,1,891
3,3400000,3,2,4,877
2,1470000,2,1,2,400
2,820000,2,1,1,166
3,2105000,3,1,2,692
3,1625000,3,2,2,283
3,1750000,3,2,3,780
3,3300000,3,3,2,417
2,667000,2,1,1,83
5,2800000,5,3,2,805
2,1175000,2,1,1,246
2,775000,2,2,1,103
3,2220000,3,2,2,850
4,2015000,4,1,4,772
2,700000,2,1,1,631
3,1700000,3,1,1,970
4,3225000,4,3,1,632
2,810000,2,1,1,0
5,3320000,5,4,2,741
5,2125000,4,3,2,603
4,2030000,4,2,2,686
4,2750000,4,3,1,0
4,2000000,4,3,4,697
2,706000,2,1,1,95
5,2250000,5,5,1,639
5,2740000,4,2,2,643
4,2950000,4,2,2,687
3,1587500,3,1,1,459
4,1550000,4,2,4,318
2,765000,2,1,1,543
2,830000,2,1,1,110
4,2375000,4,2,1,653
5,2900000,5,2,2,795
3,2200000,3,3,2,468
4,2620000,4,1,1,717
2,1305000,2,1,1,342
4,4350000,4,3,3,788
3,928000,3,2,1,145
5,2930000,5,3,4,645
4,2950000,4,2,3,812
4,3800000,4,1,1,858
2,722000,2,1,1,0
5,2350000,5,2,4,838
3,1680000,3,2,2,387
3,1640000,3,3,2,352
3,1680000,3,2,1,325
5,3550000,5,4,4,684
3,1385000,2,1,1,444
4,3400000,4,1,4,845
2,690500,2,1,1,118
3,1850000,3,2,2,361
2,736000,2,1,2,132
3,1843000,3,2,2,0
2,685000,2,1,1,122
2,1800000,2,1,3,716
3,1800000,3,2,2,316
4,3145000,4,2,2,796
4,1742000,4,2,2,780
4,1420000,3,2,2,278
2,1016000,2,1,2,0
3,1330000,3,1,1,314
3,1540000,3,1,0,169
4,1425000,4,3,0,122
2,1725000,2,1,1,210
3,1280000,3,1,0,203
3,2950000,3,1,2,499
4,2175000,3,1,0,418
2,765000,2,1,1,1031
2,800000,2,1,1,73
2,1301000,2,1,0,133
4,2718000,4,2,0,538
1,468000,1,1,1,861
2,2400000,1,2,0,413
3,2210000,2,2,1,190
2,1330000,2,1,0,116
4,2520000,4,2,2,504
3,1214000,3,3,1,144
3,1955000,3,2,1,163
1,390000,1,1,1,0
1,885000,1,1,0,93
3,2050000,3,2,0,84
2,910000,3,1,1,100
2,880000,2,1,0,142
4,1950000,4,2,2,207
3,1280000,3,1,1,131
1,437000,1,1,1,0
2,1150000,2,1,2,373
2,520000,2,1,1,0
2,570000,2,1,1,0
3,820000,3,1,2,0
2,795000,2,2,1,133
2,600000,2,1,1,73
3,1295000,3,1,2,425
4,1275000,4,2,0,365
3,1620000,3,1,1,808
2,510000,2,1,1,0
1,255000,1,1,1,0
2,890000,2,1,1,282
1,346000,1,1,1,60
3,860000,3,2,1,1113
2,586000,2,1,1,898
2,772000,2,1,2,0
4,1506000,4,2,2,561
3,675000,3,2,1,0
2,525000,2,1,2,0
1,290000,1,1,1,0
1,363000,1,1,1,0
2,360000,2,1,1,0
2,967500,3,1,2,299
2,1350000,1,2,2,265
2,516000,2,1,1,0
1,330000,1,1,1,0
3,1600000,4,2,2,751
3,1170000,2,1,2,461
1,260000,1,1,1,0
3,1008000,3,2,1,300
2,625000,2,1,1,78
2,700000,2,2,1,106
2,545000,2,1,1,109
3,1170000,3,1,2,0
4,1830000,3,2,2,687
1,250000,1,1,1,0
2,930000,2,2,1,166
2,465000,2,1,1,0
3,1646000,3,2,2,721
2,460000,2,1,1,0
4,1550000,4,2,2,757
2,707000,2,1,1,144
2,804000,2,2,1,0
3,1200000,3,2,1,588
4,1501000,3,2,1,598
3,950000,3,1,1,586
3,970000,3,2,2,325
1,345000,1,1,1,0
2,817500,2,1,1,211
4,1450000,4,2,2,557
3,1000000,3,2,1,390
2,855000,2,1,1,158
2,675000,2,1,1,0
2,588000,2,1,1,133
2,455000,2,1,1,0
3,602500,3,1,2,0
2,662000,4,2,1,0
3,1420000,3,2,2,554
3,920000,3,2,1,283
3,1287000,3,1,1,620
2,656000,2,1,1,103
2,930000,2,1,1,264
2,415000,2,1,1,0
2,650000,2,1,1,174
3,1360000,3,2,2,282
2,380000,2,1,1,0
2,765000,2,1,1,134
4,1423000,4,3,4,838
5,1900000,5,3,1,564
2,907000,2,1,2,316
1,350000,1,1,1,0
3,1430000,3,2,2,603
2,983500,2,1,1,333
3,1490000,3,2,1,371
2,572000,2,2,1,0
3,990000,3,2,2,0
4,1100000,4,3,2,305
3,1125000,3,1,1,604
2,601000,2,1,1,132
4,1410000,4,3,3,650
2,405000,2,1,1,967
4,1655000,4,2,2,595
3,1910000,3,1,1,720
3,808000,3,1,1,111
3,1252000,3,1,1,376
2,370000,2,1,1,0
4,1880000,3,2,3,932
2,896000,2,1,2,543
5,1802100,4,2,2,366
2,585000,2,1,1,108
2,450000,2,1,1,0
2,737000,2,1,1,165
3,860000,3,1,2,277
2,605000,2,1,1,0
2,1300000,2,1,1,640
4,1518000,3,3,2,454
2,632500,2,1,1,99
2,435000,2,1,1,0
2,468250,2,1,1,912
3,1716000,2,2,1,817
1,270000,1,1,1,0
1,365000,1,1,1,0
1,340000,1,1,1,0
2,722500,2,1,1,0
4,1600000,4,3,2,812
5,1665000,5,2,2,593
1,323000,1,1,1,820
2,550000,2,1,1,806
2,638000,2,2,1,0
4,131000,4,1,2,499
3,1090000,2,1,2,275
3,1365000,3,1,0,513
3,1750000,3,2,2,692
2,580000,2,1,1,934
3,2005000,4,2,3,361
2,523000,2,1,1,0
2,420000,2,1,1,0
1,290000,1,1,1,952
2,608000,2,1,1,0
2,570000,2,1,1,0
2,520500,2,1,1,0
3,1400000,3,1,0,270
4,2830000,4,2,2,723
2,722000,2,2,2,0
2,450000,2,1,1,1092
3,1870000,3,2,1,339
2,622000,2,2,1,934
2,536000,2,1,1,771
4,2625000,4,2,3,836
2,570000,2,1,2,0
2,550000,2,1,1,0
4,2170000,4,2,1,810
3,1577500,3,2,2,357
3,1460000,3,1,2,451
1,275500,1,1,1,0
2,1065000,2,1,1,273
3,1470000,3,2,2,296
2,1012000,2,1,1,0
3,599000,3,1,1,88
3,1160500,3,2,1,358
2,650000,2,1,1,100
3,1170000,3,1,1,359
3,1314000,3,1,2,339
4,1030000,4,2,2,216
2,1225000,2,1,2,284
3,1450000,2,2,1,478
4,1774500,4,2,2,575
2,525500,2,1,1,831
4,1960000,5,3,4,708
2,825000,2,1,1,367
2,1262000,4,2,2,464
3,1110000,3,2,1,299
4,1410000,4,2,3,342
3,1303500,3,1,2,699
2,1115000,2,1,1,402
2,1340000,2,1,1,505
3,1200000,3,2,2,494
3,1570000,3,1,2,520
2,1001000,2,2,1,255
3,1330000,3,1,1,312
1,290000,1,1,1,0
4,1570000,3,2,2,641
4,1916000,4,2,2,630
2,500000,2,1,1,90
3,752000,3,2,1,182
4,1507000,4,2,2,600
4,890000,4,3,2,288
3,700000,2,2,1,224
3,1000000,3,1,2,606
3,865000,3,2,2,277
4,1042500,4,3,2,209
2,1002000,2,1,1,585
3,992000,3,1,2,586
3,650000,3,2,2,160
4,965000,4,3,2,273
3,920000,4,2,2,515
3,1301000,3,1,2,620
4,1415500,3,2,1,1033
2,705000,2,1,1,842
4,1260000,4,2,2,500
3,1460000,3,1,1,705
3,1000000,3,1,2,630
3,845000,3,2,1,177
4,881000,3,2,1,188
3,1270000,3,2,0,187
2,780000,2,1,1,155
3,1060000,3,1,0,193
3,930000,3,2,1,124
2,1420000,2,1,0,180
2,1075000,2,1,1,174
2,1105000,2,1,1,185
2,1209000,2,1,1,140
4,3010000,4,3,2,382
2,1435000,2,1,2,239
2,1417000,2,1,0,197
2,1290000,2,1,0,164
3,1226000,3,2,0,0
2,495000,2,1,1,515
1,325000,1,1,1,0
3,1370000,3,2,1,176
2,1620000,2,1,2,251
3,1180000,3,3,1,142
2,1405000,2,1,0,219
2,880000,2,1,0,100
2,1450000,2,1,0,156
2,856000,2,1,0,170
2,885500,2,2,2,0
3,1680000,3,2,1,201
2,730000,2,1,1,103
3,825000,3,3,1,67
2,533000,2,1,1,0
2,1430000,2,1,0,151
4,1506000,4,2,0,162
3,1150000,3,1,1,169
3,1360000,3,1,0,118
2,640000,2,1,1,0
2,850000,2,1,1,371
3,784000,2,1,1,286
3,680000,3,1,0,702
4,1221000,4,1,2,596
2,807000,2,2,1,0
3,790000,3,1,2,371
4,955000,4,2,1,295
3,675000,3,1,2,142
3,1010000,3,2,1,278
3,1202000,3,2,2,423
3,1370000,3,1,1,233
2,550000,2,1,1,0
3,1000000,3,2,3,370
3,935500,3,1,2,386
8,2250000,4,2,4,983
4,145000,3,1,1,536
4,905000,3,2,1,439
3,860000,3,1,1,283
2,953000,2,1,1,170
2,735000,2,1,1,280
3,550000,3,2,2,0
3,1100000,3,1,1,576
3,947000,3,1,1,372
2,500000,2,1,1,0
3,865000,3,2,2,263
2,466000,2,1,1,0
3,740000,3,2,1,255
3,812000,3,1,1,370
3,766000,3,1,0,378
3,825000,2,1,1,374
4,1131000,4,2,2,494
3,1064000,3,2,1,417
2,610000,2,2,1,114
3,1210000,3,1,1,379
2,434000,2,1,1,0
2,653000,2,1,1,129
3,640000,3,1,2,119
2,820000,2,1,1,597
4,1250000,4,1,2,613
5,1335000,5,3,2,390
6,1900000,6,2,2,1060
3,1090000,3,1,1,464
3,1130000,3,1,2,735
4,1145000,4,2,2,480
2,657000,2,1,2,138
3,763000,3,2,1,107
2,903000,2,1,1,253
3,1000000,3,1,1,431
4,1742000,3,2,4,482
4,865000,4,1,1,452
2,485000,2,2,1,0
3,1278000,3,2,3,405
3,590000,3,2,2,0
4,1000000,4,2,1,381
3,590000,3,2,2,0
3,1030000,3,1,1,404
4,1136000,4,3,1,420
2,635000,2,1,1,97
3,1061000,3,1,1,527
4,1155000,4,1,2,370
4,650000,3,2,2,312
3,1286000,3,2,2,435
3,885000,3,1,2,255
4,1160000,4,2,5,371
4,1400000,4,1,1,856
2,470000,2,2,1,0
3,1260000,3,2,0,407
2,920000,2,1,0,157
3,841000,3,1,3,385
2,537500,2,1,1,0
2,1130000,2,1,2,520
2,598000,2,1,1,108
3,1120000,3,2,1,293
3,870000,3,1,1,371
3,680000,2,1,2,462
1,482500,1,1,1,108
3,825000,3,1,2,577
3,725000,3,1,0,238
4,1250000,4,3,1,515
2,1008000,2,1,3,457
2,599000,2,2,1,76
2,860000,2,1,1,483
4,990000,4,1,1,488
2,451000,2,1,1,0
2,635000,2,2,3,339
5,1020000,5,2,4,381
3,967000,3,1,1,169
3,1025000,3,1,3,336
3,700000,3,1,1,138
3,1130000,3,1,3,206
3,835000,3,1,2,385
4,1075000,4,1,4,531
3,845000,3,1,1,221
3,600000,3,1,1,102
4,1461000,4,2,2,571
4,1150000,4,2,2,43
2,515000,2,1,2,0
3,770000,4,1,2,408
2,472000,2,1,1,500
2,901000,2,1,1,545
2,642000,2,1,0,167
2,605000,2,1,1,0
3,687000,3,1,1,116
4,975000,4,2,2,307
3,985000,3,1,1,309
3,835000,3,1,1,459
3,951000,3,2,0,342
3,1370000,3,1,1,563
2,700000,2,1,2,381
3,810000,3,2,1,213
2,445000,2,1,1,0
4,838000,4,1,1,576
2,810000,2,1,1,370
4,1150000,4,1,2,633
4,931000,3,1,1,412
1,241000,1,1,1,0
4,1331000,3,2,2,394
1,1007000,1,2,0,807
2,981000,2,1,1,263
2,570000,2,1,1,0
2,500000,2,1,1,113
3,830000,3,2,0,559
3,1194500,2,1,2,537
2,425000,2,2,1,0
2,645000,2,1,1,702
4,895000,4,2,2,661
3,655000,3,1,0,404
3,631000,3,1,1,178
2,600000,2,1,1,145
4,820000,4,1,3,498
3,715000,3,2,2,173
3,735000,3,1,1,427
3,864000,3,1,2,565
3,700000,3,1,2,626
4,735000,4,2,2,302
2,591000,2,1,1,0
3,860000,2,1,3,586
2,765000,2,1,2,563
3,625000,3,1,2,104
2,745000,2,1,3,526
4,1050000,4,3,2,501
3,782000,3,1,3,576
2,935000,2,1,2,833
4,1009000,4,1,2,590
2,820000,2,1,4,629
3,780000,3,1,2,307
3,707000,3,2,3,556
3,772000,3,1,1,367
3,745000,3,1,3,473
2,532500,2,1,1,168
3,750000,3,2,2,310
3,815000,3,2,2,376
3,637000,3,1,4,498
4,950000,4,2,2,298
3,780000,3,1,2,677
3,860000,3,2,3,472
5,1172000,5,3,2,425
2,530000,2,1,1,332
2,570000,2,2,2,186
3,2000000,4,1,1,973
3,650000,3,1,1,407
4,792000,4,2,1,320
3,720000,3,1,2,499
3,970000,3,1,2,575
2,750000,2,1,1,115
2,890000,2,1,1,178
2,1260000,2,1,1,0
2,855000,2,1,1,2886
3,1260000,3,1,0,167
2,1320000,2,2,1,0
2,1430000,2,1,0,231
3,1125000,3,2,2,0
3,950000,3,2,1,15900
2,910000,2,1,1,0
1,452000,1,1,1,816
1,440000,1,1,1,2773
1,415000,1,1,1,3701
2,1015000,2,1,0,117
1,372000,1,1,1,0
3,1326000,3,2,1,0
3,910000,3,1,1,171
2,1230000,2,2,1,0
2,855000,2,1,0,130
1,457000,1,1,1,406
3,897500,3,2,1,82
2,865000,2,2,1,0
2,1265000,3,1,1,282
2,1260000,2,1,2,116
3,1075000,3,1,0,183
3,1470000,3,2,2,0
1,366000,1,1,1,0
1,461000,1,1,1,0
2,981000,2,1,0,188
2,683000,2,1,1,0
3,1470000,3,2,0,150
2,670000,2,1,0,118
1,430000,1,1,1,0
2,515000,2,1,1,816
2,1000000,2,1,2,159
3,887500,3,2,1,81
2,713500,2,2,1,1060
3,1500000,2,2,2,0
2,672000,2,1,1,0
2,1215000,3,2,1,0
2,800000,2,1,1,0
2,1645000,4,1,3,0
2,450000,2,1,1,0
2,860000,2,2,1,0
4,1924500,4,4,2,1157
2,492500,2,1,1,65
3,1403000,3,1,4,727
4,1408000,4,2,0,725
4,855000,4,2,2,242
3,1450000,3,1,1,638
5,1461800,5,2,2,660
4,1396000,4,1,2,658
5,1535000,5,3,2,681
3,1125000,3,2,2,819
3,700000,3,2,2,0
4,1152000,4,2,2,336
4,1868000,3,2,2,925
3,920000,4,3,3,655
4,1050000,4,2,2,317
3,910000,3,2,2,299
3,1850000,3,1,2,1073
4,1225000,4,3,2,740
4,1316000,4,2,2,716
2,400000,2,1,2,0
5,1400000,5,3,2,656
5,2168000,5,5,2,669
4,1430000,4,2,2,655
4,1250000,4,2,2,780
3,772000,3,2,1,203
4,2000000,4,3,2,507
3,1300000,3,1,2,657
4,1468000,4,2,2,806
3,1275000,3,1,1,720
4,1200000,4,1,2,657
3,655000,3,2,2,0
3,1310000,3,1,2,1157
4,753000,3,1,1,241
4,1250000,4,2,3,767
2,1140000,3,1,1,679
3,1180000,3,1,2,657
3,746000,3,2,2,118
3,1485000,3,2,2,731
3,1190000,3,1,1,658
3,900000,2,2,2,366
3,1250000,3,2,1,728
3,1030000,3,1,1,827
4,985000,4,2,2,182
3,1300000,3,1,2,651
2,522500,2,1,1,145
5,1510000,4,2,2,659
4,1460000,4,2,2,840
3,958000,3,2,2,0
4,1462500,4,3,2,654
3,1430000,3,1,2,811
4,1350000,4,3,2,711
3,1250000,3,2,2,900
4,1460800,4,3,2,654
3,1152500,3,2,2,648
5,1650000,5,4,2,500
3,1474000,4,2,2,753
3,800000,3,2,2,267
3,1391000,3,1,1,764
2,452000,2,1,1,67
5,1322000,5,1,0,729
3,1102200,3,2,2,233
4,1401000,4,3,2,650
4,1782000,4,3,3,586
3,735000,3,1,1,302
4,1520000,4,3,2,657
3,990000,2,1,1,746
3,1020000,3,1,2,725
3,878000,3,2,2,0
4,973500,4,2,2,234
3,751800,3,1,2,109
3,1100000,3,2,2,771
3,1202000,3,2,2,649
3,1362000,3,1,2,798
4,1810000,4,2,4,769
3,826000,3,1,4,192
3,900000,4,3,2,385
3,888000,3,2,1,192
5,1901000,3,2,2,963
4,1650000,4,3,2,724
3,1816000,3,1,2,846
2,525000,2,1,1,79
4,2050000,4,3,2,723
5,1930000,5,2,1,939
2,2850000,2,1,1,1777
4,2600000,3,2,3,871
2,600000,2,1,1,112
3,1601000,3,1,1,872
3,1100000,3,2,1,555
4,2550000,4,2,2,1484
3,1190000,3,2,2,0
4,2012000,4,3,2,597
4,2309000,4,3,2,1177
2,900000,2,1,2,239
3,1625000,3,2,2,447
2,906000,2,1,1,221
4,1100000,4,2,0,147
2,930000,2,1,1,295
3,1755000,3,2,1,391
4,1400000,4,1,1,489
3,1240000,3,2,2,319
2,700000,2,1,2,99
2,591000,2,1,1,815
2,537000,2,1,1,0
3,1805000,3,2,1,347
3,800000,3,2,2,331
3,965000,3,1,2,275
2,1160000,2,2,2,155
3,820000,3,2,2,108
4,2600000,4,2,2,527
2,900000,2,1,1,198
3,1390000,3,1,2,463
3,1071000,3,2,2,179
3,1800000,3,2,2,492
3,2345000,3,2,1,419
2,741000,3,1,1,0
2,626000,2,1,1,1764
3,2160000,3,1,1,590
4,3000000,4,2,2,661
3,1500000,3,2,0,195
4,1650000,1,3,2,386
3,850000,3,2,2,108
3,1750000,3,2,2,517
3,1450000,3,1,2,351
4,2806000,4,3,2,669
3,782000,3,1,1,0
4,1007000,4,2,2,125
4,1450000,4,2,2,376
2,500000,1,1,1,0
4,2600000,5,3,2,701
2,895000,2,1,1,147
2,751000,2,2,1,0
4,2050000,3,3,2,420
3,1605000,3,1,1,418
2,410000,0,0,0,0
2,577000,2,1,0,0
1,520000,1,1,1,0
3,1350000,3,2,2,1170
1,392500,1,1,0,0
2,507000,2,1,1,0
2,525000,2,1,1,553
3,2116000,3,1,2,463
2,750000,2,1,1,0
1,510000,1,1,1,0
2,599999,2,1,0,0
1,300000,1,1,0,0
3,1395000,3,2,1,400
2,855000,2,1,1,1966
2,1050000,2,2,2,2381
2,955000,2,1,1,2925
2,680000,2,1,1,510
3,1911000,3,1,2,327
2,790000,2,1,2,0
2,550000,2,1,1,0
1,357000,1,1,1,0
2,685000,2,1,1,0
2,1210000,2,1,0,163
2,825000,2,1,2,0
3,1050000,3,1,0,257
2,632000,2,1,1,0
2,582500,2,1,1,0
1,485000,1,1,1,0
2,660000,2,2,1,317
2,575000,2,1,0,483
2,590000,2,1,1,0
3,1238000,3,2,1,116
2,640000,2,1,1,626
2,510000,2,1,1,0
2,717000,2,1,1,0
4,1875000,4,2,0,223
2,1180000,2,1,0,249
3,780000,3,1,1,0
3,878500,3,2,1,75
3,3572000,4,2,6,737
2,1015000,2,1,2,0
3,940000,3,1,1,0
2,630000,2,1,1,0
3,1700000,3,2,2,316
2,686000,2,1,1,1622
2,560000,2,1,0,0
2,765000,2,1,0,0
2,670000,2,2,1,0
3,1625000,3,2,1,246
2,1122000,2,2,1,0
2,559000,2,1,1,1307
1,369000,1,1,1,1547
2,525500,2,1,1,0
4,2400000,4,2,2,560
2,655000,2,1,1,0
2,684000,2,1,0,0
1,451000,1,1,1,0
2,500000,2,1,1,0
2,680000,2,1,1,0
2,600000,2,1,1,0
1,370000,1,1,1,0
2,612000,2,1,1,0
3,1561000,3,2,0,218
1,390000,1,1,1,644
1,313000,1,1,1,0
2,630000,2,1,1,0
3,1675000,3,1,1,345
1,470000,1,1,1,900
2,640000,2,1,0,0
2,932000,2,2,1,799
2,645000,2,1,1,0
1,347000,1,1,1,0
2,875000,2,1,1,0
2,582500,2,1,1,0
2,570000,2,1,1,0
4,1875000,3,3,0,235
1,326000,1,1,1,0
1,340000,1,1,1,0
4,2200000,4,3,2,348
2,687500,2,1,1,0
2,680000,2,1,1,0
2,730000,2,1,1,0
2,526000,2,1,0,0
3,920000,3,2,2,758
3,1830000,3,2,2,374
2,572500,2,2,1,1307
3,1925000,2,1,1,393
3,1425000,3,2,2,684
2,660000,2,1,1,263
2,550000,2,1,1,0
3,980000,3,1,1,445
3,1295000,3,1,3,688
4,1900000,4,1,2,733
2,595000,2,1,2,752
3,911000,3,2,2,225
4,900000,4,2,1,288
2,645000,2,1,1,0
4,1965000,4,2,4,704
3,840000,3,2,1,282
2,702500,2,1,1,168
3,960000,3,1,2,549
4,1670000,4,2,1,291
3,1100000,3,2,1,789
4,1800000,3,2,2,648
4,1250000,3,3,2,374
3,1365000,3,1,1,754
2,1130000,2,1,1,646
2,370000,2,1,3,0
3,1467000,3,2,2,188
2,1315000,2,1,0,634
3,2390000,3,1,1,669
3,1240000,3,2,2,307
2,456000,2,1,0,0
5,2800000,5,4,6,877
1,325000,1,1,1,0
2,521000,2,1,1,0
2,645000,2,1,1,228
4,1160000,4,3,2,256
2,445000,2,1,1,916
6,2620000,6,4,2,860
3,1226000,3,1,3,533
3,825000,3,1,3,477
4,1402000,4,2,1,554
3,897000,3,1,2,226
3,1240000,3,1,1,503
3,1990000,4,2,2,1021
3,855000,3,1,2,396
4,1775000,3,2,2,725
2,411000,2,1,1,0
4,1275000,4,2,2,503
5,1800000,5,2,2,611
4,1590000,4,3,1,475
2,606000,2,1,2,0
3,1385000,3,2,1,619
3,650000,3,2,1,160
2,460000,2,1,1,0
3,1000000,3,2,1,291
3,980000,3,1,1,464
2,520000,2,1,2,0
2,585000,2,1,1,160
4,1295000,4,2,2,696
3,720000,3,1,2,190
2,732500,2,1,1,196
4,1635000,4,1,2,638
2,485000,2,1,1,0
3,980000,3,1,3,503
3,840000,3,2,2,282
2,1001000,2,1,2,244
3,891000,3,2,1,0
2,800000,2,1,2,502
5,1575000,5,3,2,700
1,280000,1,1,1,0
4,1467000,3,2,1,683
3,770000,3,1,0,438
2,446000,2,1,1,0
2,890000,2,1,1,649
2,870000,3,1,2,319
4,1500000,4,2,2,858
3,1266000,2,1,2,635
3,1134000,3,1,1,551
5,1756000,5,2,5,963
1,320500,1,1,1,0
2,650000,2,1,1,156
2,1065000,2,1,2,477
2,667000,2,1,1,206
4,1610000,4,2,2,601
3,1695000,3,1,3,855
2,930000,2,1,2,225
4,1870000,4,1,1,700
2,395000,2,1,1,0
4,1726000,4,2,2,705
3,1050000,3,1,1,420
3,1470000,3,1,1,687
3,801500,3,1,1,175
2,480000,2,1,1,0
3,1475000,3,1,2,388
3,750000,3,1,1,253
2,390000,2,1,1,0
2,453000,2,1,1,0
4,1170000,4,2,2,0
4,1600000,4,3,1,519
4,1535000,4,1,2,638
3,1400000,3,2,2,383
2,435000,2,1,1,0
2,457000,2,1,1,0
3,1460000,3,2,1,605
2,736000,2,1,1,0
2,405000,2,1,1,121
2,450000,2,1,1,0
2,740000,2,1,1,250
2,691000,2,1,1,201
2,370000,2,1,0,0
4,2355000,4,2,3,715
2,1255000,2,1,1,0
4,1560000,4,1,2,650
3,1330000,3,1,4,687
3,1625000,3,2,1,858
3,1150000,3,1,0,300
3,1085000,3,1,1,325
6,1800000,7,2,2,870
2,360000,2,1,1,0
2,645000,2,1,1,170
1,250000,1,1,1,0
3,1630000,3,2,2,563
3,850000,3,2,1,580
3,872000,3,1,1,862
3,935000,3,2,2,247
2,630000,2,1,1,0
2,440000,2,1,1,1011
5,1811000,5,3,2,657
3,1500000,3,2,3,440
3,1290000,3,1,2,605
3,1045000,3,1,1,429
3,1290000,3,1,1,618
2,953000,2,1,1,414
3,1100000,3,1,2,0
3,820000,3,1,1,0
4,1270000,3,2,2,411
3,1445000,3,2,1,400
4,1113000,3,1,2,533
2,370000,2,1,1,0
3,1505000,3,2,2,625
2,590000,2,1,1,0
2,396000,2,1,1,0
3,1580000,3,2,2,758
2,393000,2,1,1,999
1,260000,1,1,1,0
3,1320000,3,1,1,766
2,450000,2,1,1,88
5,1360000,5,3,2,463
2,340000,2,1,1,0
3,765000,3,2,1,0
4,1605000,3,2,2,607
3,712000,3,2,2,189
3,1425000,3,2,2,10100
3,1250000,3,2,0,327
3,1350000,3,1,2,309
3,1125000,2,1,2,530
3,1064000,3,1,1,235
2,1220000,2,1,2,537
4,1160000,4,2,1,381
2,505000,2,1,1,0
2,602000,2,1,1,0
3,846000,3,1,1,185
2,400000,2,1,1,0
2,610000,2,1,1,66
2,445000,2,1,1,0
2,730000,2,1,1,116
4,1730000,4,2,2,490
2,438000,2,1,1,0
3,1700000,3,2,1,743
2,510000,2,1,1,1658
1,300000,1,1,1,0
3,750000,3,2,1,170
3,2350000,3,2,4,735
3,1350000,3,1,4,553
4,2000000,4,3,2,575
2,1010000,2,1,1,285
3,1065000,3,1,2,630
2,805000,2,1,1,140
3,1055000,3,1,2,382
2,548000,2,1,1,0
3,1500000,3,1,1,0
2,600000,2,1,2,0
3,1510000,1,1,1,453
2,545000,2,1,1,0
3,1145000,3,1,3,590
3,1375000,3,1,1,496
2,1000000,2,1,0,128
3,1252000,3,2,2,0
2,810000,2,1,2,0
2,692000,2,1,1,0
4,1780000,4,1,1,186
1,947500,1,1,0,87
2,1460000,2,1,0,0
3,1520000,3,2,2,0
2,880000,2,2,2,0
4,3310000,4,4,2,337
3,1481000,3,2,1,138
3,2200000,3,2,1,187
3,1250000,3,1,1,113
2,1440000,3,1,0,95
2,1315000,2,1,0,141
4,1950000,4,1,0,177
1,597000,1,1,1,0
2,650000,2,1,1,0
1,465000,1,1,1,0
4,1620000,3,2,1,132
3,1600000,3,2,1,261
3,850000,3,2,1,2782
2,790000,2,1,1,0
2,1122000,2,1,0,106
2,660000,2,2,0,0
2,1300000,2,1,1,157
1,420000,1,1,1,782
2,715000,2,1,1,0
1,458000,1,1,1,0
2,800000,2,2,1,64
2,710000,2,1,1,0
2,630000,2,1,1,0
4,4011000,4,3,2,286
2,677000,2,1,0,67
2,700000,2,2,1,4332
2,860000,2,1,0,104
2,870000,2,1,0,107
2,1116000,3,1,0,152
4,1450000,4,2,1,266
2,930000,2,3,0,2778
2,700000,2,2,2,4296
3,2170000,3,2,1,177
1,358500,1,1,1,0
3,1000000,3,1,0,249
2,770000,2,2,1,134
2,1008000,2,1,1,150
3,1015000,3,2,1,112
3,1371000,2,1,1,197
2,1054000,2,2,1,0
2,1055000,2,1,0,122
2,720000,2,2,1,4296
3,1286000,3,1,0,275
3,1655000,3,1,0,176
3,1181000,2,1,1,148
3,1600000,3,3,1,188
5,2875000,5,2,3,818
2,990000,2,1,0,145
4,1950000,4,2,2,233
4,3400000,3,2,1,445
4,1785000,4,2,1,188
2,1315000,2,1,0,143
2,1210000,2,1,1,223
3,1275000,3,2,1,104
3,1141000,2,1,1,378
2,1255000,2,1,0,148
3,1700000,3,2,1,240
2,1290000,2,1,0,136
2,750000,2,2,2,0
3,674000,3,1,1,0
2,675000,2,1,2,0
4,1700000,4,3,2,127
2,875000,2,1,0,106
3,1080000,3,2,1,77
3,1851000,3,1,1,225
2,1222500,2,1,2,487
1,330000,1,1,1,0
2,1232000,2,1,0,0
1,899000,2,1,0,153
3,2300000,4,1,2,475
2,937500,2,1,0,100
3,1710000,3,2,0,357
3,1600000,3,1,0,370
3,1300000,3,1,1,203
4,2300000,4,2,1,197
2,490000,2,1,1,4296
3,1300000,3,2,0,127
3,1300000,3,1,0,309
3,2150000,3,2,0,202
3,775000,3,2,2,0
3,1581000,3,1,0,193
2,602000,2,1,1,0
2,650000,2,1,1,0
2,1283000,2,1,2,204
3,1450000,3,2,1,118
2,1325000,2,1,0,160
2,865500,2,1,1,168
2,365000,2,1,1,0
1,380000,1,1,1,2077
2,425000,2,1,1,0
1,280000,1,1,1,0
3,870000,3,2,0,167
2,391000,2,1,1,0
2,715000,2,1,1,0
3,1130000,3,1,0,294
3,1110000,3,1,1,272
2,950000,2,1,1,193
2,918000,2,1,0,136
2,730000,2,1,1,140
2,360000,2,1,1,0
2,855000,2,1,0,225
2,860000,2,1,0,202
3,1012000,3,1,1,212
3,885000,3,1,0,162
3,1315000,2,1,1,313
4,1700000,4,1,1,616
3,1205000,3,2,2,0
2,395000,2,1,1,0
2,476000,2,1,1,0
1,250000,1,1,1,0
2,556000,2,2,1,0
2,845000,2,1,1,0
1,345000,1,1,1,0
3,1100000,3,2,0,179
2,957000,2,1,0,165
3,991000,3,1,4,402
3,850000,4,2,0,162
1,395000,1,1,1,818
2,350000,2,1,1,0
3,1115000,3,1,1,244
2,420500,2,1,1,0
3,585000,3,1,1,259
1,85000,1,1,0,0
4,1225000,4,2,1,319
2,431000,2,1,1,0
3,1003000,3,1,1,292
3,840000,3,1,0,164
3,1362000,3,2,0,497
4,977000,4,2,1,154
1,216000,1,1,1,0
3,876000,3,2,2,204
1,227000,1,1,1,0
4,841000,4,2,2,250
2,605000,2,1,3,2794
2,305000,2,1,1,47
2,480000,2,1,1,556
1,357000,1,1,0,0
3,910000,3,1,1,361
1,291000,1,1,1,665
2,375000,2,1,1,0
2,752000,2,1,0,215
3,1155000,3,1,3,585
3,930000,3,1,3,413
2,490000,2,1,1,0
3,853000,3,1,1,0
4,1290000,3,1,2,411
3,480000,3,1,1,0
4,775000,2,1,2,277
2,900000,2,1,0,210
2,281000,2,1,1,0
4,1300000,4,2,3,0
3,714000,3,2,2,164
3,775000,3,2,1,197
2,950000,2,1,2,657
3,674000,3,2,1,8680
3,760000,3,1,1,265
2,420000,2,1,1,0
2,560000,2,1,1,111
2,575000,2,1,1,162
4,1100000,3,1,2,633
3,932000,2,1,1,451
3,780000,3,1,2,323
2,295000,2,1,1,0
2,433000,2,1,1,0
2,410000,2,2,1,65
2,1170000,2,1,1,184
1,375000,1,1,1,0
2,615000,2,1,3,207
3,747000,3,1,1,246
1,275000,1,1,1,0
3,1045000,3,2,2,384
3,775000,3,1,1,242
2,571000,2,2,1,0
2,310000,2,1,1,0
1,305000,1,1,1,59
3,860500,3,2,2,322
3,820000,3,2,1,122
1,210000,1,1,1,0
3,875000,3,1,0,262
2,370000,2,1,1,0
2,711000,2,1,2,253
3,665000,3,2,1,0
2,690500,2,1,1,212
2,747000,2,1,1,320
2,858000,2,1,1,313
4,699000,4,2,2,0
2,835000,2,1,1,222
2,661000,2,1,1,132
2,757500,2,1,0,258
1,282000,1,1,1,1783
3,699000,3,1,1,125
3,850000,3,1,0,190
2,315000,2,1,1,882
3,740000,3,1,1,211
2,360000,2,1,1,0
3,980000,3,2,2,196
3,561000,3,1,1,0
2,316000,2,1,1,0
2,800000,2,1,2,260
2,760000,2,1,0,130
3,735000,3,2,2,112
2,823000,2,1,0,238
4,1225000,4,2,1,319
2,296000,2,1,1,0
3,886500,3,1,0,268
3,767500,3,2,0,458
2,395000,2,2,1,0
4,815000,4,2,1,369
3,757000,3,2,2,102
4,1450000,4,1,1,799
2,745000,2,1,1,355
2,716000,2,1,2,274
3,1735000,3,2,3,680
2,1699000,3,1,2,653
4,3400000,4,3,2,856
5,3730000,4,3,2,919
4,1800000,4,2,2,868
4,1998000,4,2,1,739
2,671000,2,1,1,0
4,3110000,4,2,4,1318
3,1780000,3,1,2,627
3,1425000,3,2,2,217
3,1530000,3,1,1,753
4,1900000,4,4,2,708
2,1500000,3,1,2,660
3,1360000,3,2,1,704
5,2175000,5,3,4,619
4,2325000,4,3,2,638
4,2538000,4,2,3,630
4,2300000,4,3,4,1258
2,550000,2,1,1,0
3,1600000,3,2,1,704
3,2100000,3,2,2,904
3,2115000,4,2,2,745
3,1700000,3,2,2,625
4,3500000,4,2,2,859
3,1750000,3,2,2,652
3,967500,3,2,1,233
4,2077000,4,2,3,553
4,2850000,4,3,2,1184
2,411000,2,1,1,0
3,1222000,3,1,1,215
4,1550000,3,2,2,662
3,1660000,3,1,2,297
6,2250000,5,3,2,650
3,1162000,2,2,2,281
4,2020000,4,2,2,630
2,845000,2,0,0,207
3,1510000,3,2,2,370
4,2010000,4,2,2,659
4,2975000,4,3,4,0
2,585000,2,1,1,0
3,1275000,3,2,2,669
1,452000,1,1,1,63
3,1625000,3,2,2,365
4,1800000,4,3,2,743
3,1820000,3,1,3,650
1,291000,1,1,1,1097
2,710000,2,1,2,123
4,2376000,4,2,2,652
2,1020000,2,1,0,251
3,1456000,3,1,2,504
3,1875000,3,2,3,607
3,1430000,3,3,2,385
6,2300000,6,2,2,0
1,345000,1,1,1,745
5,2000000,5,3,1,696
4,1550000,4,0,0,769
3,1625000,4,2,4,1005
2,480000,2,1,1,0
2,585000,2,1,1,84
5,1960000,5,3,2,650
4,1700000,4,3,1,650
2,680000,2,1,1,0
3,1220000,3,2,2,278
3,1375000,3,2,2,328
2,920000,2,1,2,334
2,382000,2,1,1,1069
2,545000,3,0,0,0
4,1350000,3,2,2,342
2,1280000,2,1,1,412
3,1825000,3,1,2,652
5,2825000,5,4,4,802
3,2825000,4,2,4,885
4,1825000,3,3,2,366
1,328000,1,1,0,0
4,2016000,4,2,3,733
5,3085000,5,3,3,778
3,1710000,3,1,3,557
3,1770000,3,1,3,603
3,1765000,3,1,2,650
2,511000,2,1,1,0
3,2000000,2,1,2,821
2,1600000,2,2,2,718
3,1880000,3,2,2,668
5,2352500,5,3,2,642
5,3860000,5,4,2,830
4,2625000,4,3,2,840
2,856500,2,1,1,0
5,1650000,5,2,2,400
2,600000,2,1,1,0
2,690000,2,1,2,166
3,1200000,3,2,2,541
4,3010000,3,3,2,677
2,785000,2,1,1,0
4,1950000,4,2,2,775
3,2200000,3,1,2,700
3,1751000,3,1,3,609
4,1857000,4,2,3,548
1,375000,1,1,1,602
2,720000,2,1,2,0
3,1500000,3,1,3,401
4,2725000,4,3,2,603
2,1723000,2,1,1,553
2,529500,2,1,1,0
3,2800000,3,1,2,762
3,1665000,3,1,2,685
2,600000,2,1,1,0
3,1420000,3,1,2,615
3,1550000,3,2,2,307
1,420000,1,1,1,805
4,1920000,4,2,2,706
5,2100000,5,3,2,696
5,2410000,5,2,2,654
4,2100000,4,2,2,645
4,2950000,4,2,2,1485
2,390000,2,1,1,0
5,3365000,5,2,2,1339
4,1390000,3,2,3,397
4,1802000,4,3,2,394
3,1310000,3,1,2,464
3,1931000,3,2,2,648
4,2000000,3,2,4,401
2,1250000,2,1,2,438
5,2400000,5,3,2,709
2,460000,2,1,1,0
3,610000,3,1,2,696
3,610000,3,1,3,640
3,555000,3,2,2,244
3,500000,3,1,1,336
3,806500,3,1,2,766
5,1150000,5,3,2,700
5,850000,5,3,1,487
4,550000,4,2,1,683
3,822000,3,1,4,700
3,980000,3,2,3,1029
3,670000,3,1,1,652
2,430000,2,1,1,164
2,852500,2,1,2,832
4,1025000,4,2,4,1011
2,540000,2,1,1,164
2,530000,2,1,2,643
3,721000,3,1,2,674
3,737000,3,1,4,640
3,575500,3,1,1,701
3,600000,3,1,2,702
3,460000,3,2,2,224
3,370000,3,2,1,259
3,691000,3,1,2,753
3,500000,3,1,1,589
3,545000,3,2,1,136
3,670000,3,1,4,734
3,572000,3,1,2,627
4,702000,4,1,4,606
2,730000,2,1,1,705
3,711500,3,1,3,667
3,820000,3,2,4,805
5,810000,5,4,4,695
2,250000,2,1,1,0
3,460000,3,1,1,325
3,793000,3,1,2,780
2,340000,2,1,1,0
3,596000,3,1,3,624
3,447500,3,1,1,320
3,588000,3,1,1,616
3,420000,3,1,2,0
2,410000,2,1,2,200
3,688000,3,1,4,700
3,612500,3,2,3,635
3,525000,3,1,1,665
3,703000,3,1,4,704
4,608000,3,2,1,252
5,705000,5,3,2,612
2,320500,2,1,1,3056
3,577000,3,1,2,706
2,230000,2,1,1,1996
4,607000,4,3,2,0
3,765500,3,2,2,780
3,470000,3,1,2,187
3,482500,3,1,1,265
3,580000,3,1,2,650
2,434500,2,1,1,125
2,620250,2,1,2,253
3,710000,3,1,1,796
4,630000,3,1,2,630
2,420000,2,1,1,307
3,600000,3,1,4,541
3,550000,3,2,2,212
3,460000,3,2,1,190
4,600000,4,1,2,586
4,1217500,4,3,2,693
3,600000,3,1,2,599
3,570000,3,2,2,585
4,655000,4,1,2,695
3,500000,3,1,4,677
3,762700,3,1,4,597
2,465000,2,1,1,176
2,741250,2,1,1,668
2,488500,2,2,1,190
4,787500,4,2,2,650
2,442000,3,1,1,245
4,1000000,4,2,8,977
2,726335,2,1,2,590
4,630000,4,2,2,602
3,670000,3,1,3,705
2,417000,2,1,1,172
3,600000,3,1,2,258
3,440000,3,2,1,215
3,501000,3,1,1,348
3,660000,3,1,2,657
3,722000,3,1,3,781
2,270000,2,1,1,155
4,825000,4,2,4,768
4,638000,4,2,1,624
3,631000,3,2,2,608
3,532000,3,2,1,149
3,500000,3,2,1,140
3,504000,3,2,1,215
3,468000,3,2,2,178
4,802500,4,2,2,0
4,709000,4,2,2,453
3,700000,3,2,2,691
3,485000,3,2,1,175
3,540000,3,2,1,367
3,390000,3,2,1,158
4,800000,4,2,2,719
3,525000,3,2,1,223
4,740000,4,2,2,453
3,605000,3,1,2,597
3,685500,3,1,2,724
2,610000,2,1,1,394
3,630000,3,1,1,604
4,870000,4,3,5,591
3,810000,3,2,2,592
3,840000,3,1,2,608
5,585000,5,2,1,590
4,772500,3,2,2,595
3,465000,3,1,1,225
3,719000,3,1,4,692
2,487000,2,1,2,198
4,700000,2,2,2,700
4,600500,4,2,1,462
3,730000,3,1,2,570
3,800000,3,2,2,565
4,918000,4,2,2,763
3,750000,3,2,2,301
3,740000,3,1,1,568
3,721000,3,1,3,539
3,646000,3,1,2,574
3,545000,3,2,3,230
3,770000,3,1,2,700
4,777000,3,1,2,700
2,722000,3,3,1,580
2,545000,2,1,3,591
3,510000,3,2,2,234
2,542500,2,1,1,359
3,631500,4,1,3,593
4,750074,4,2,1,302
3,591000,3,1,1,557
3,550000,3,1,3,610
2,330000,2,1,1,249
5,800000,5,2,1,808
3,725000,3,2,4,560
4,815000,4,2,2,672
2,715888,2,1,1,613
4,650000,4,1,4,588
2,468000,2,1,1,137
3,1102000,3,1,2,1020
2,515000,2,1,2,345
3,716000,3,1,2,594
2,640000,2,1,1,612
2,460000,2,1,4,360
2,895000,2,1,1,228
2,587000,2,1,1,0
4,2800000,3,3,2,701
2,720000,2,1,1,832
4,3250000,4,3,2,928
4,2140000,4,2,3,688
4,1600000,4,2,2,607
3,2200000,3,2,3,1402
3,1003500,3,1,2,289
2,802000,2,1,1,0
4,1500000,4,1,1,692
4,1686500,4,2,2,664
5,1400000,5,2,2,434
3,1560000,3,1,3,593
2,680000,2,1,2,0
3,1715000,3,1,2,765
2,760000,2,1,1,90
2,616000,2,1,1,0
4,1680000,4,1,1,723
5,2520000,5,4,2,661
2,890000,1,2,2,181
3,1120000,4,2,3,373
4,3200000,4,3,3,760
4,1250000,4,3,2,398
4,2420000,3,3,2,560
4,2000000,4,3,4,615
4,2880000,4,3,2,687
5,1805000,4,2,2,700
4,1460000,4,2,2,487
3,1403000,3,1,2,495
3,1682000,3,1,1,767
4,1875000,4,2,3,685
4,2600000,3,1,2,1504
2,685000,2,1,2,0
4,2400000,4,2,2,663
5,3470000,5,3,4,670
2,1615000,2,1,1,801
4,1450000,4,2,3,450
2,786000,2,1,1,162
2,742000,2,3,2,245
3,1050000,3,2,2,357
2,1690000,2,1,1,319
3,810000,3,1,1,195
3,1460000,3,2,2,413
3,1620000,3,1,2,783
3,1420000,3,2,2,277
4,2400000,4,2,4,802
5,3075000,3,2,2,830
5,3201000,5,3,2,760
2,875500,2,2,1,225
3,1400000,3,2,1,211
3,1457500,3,2,2,0
5,2600000,5,4,2,1000
2,1465000,2,1,2,581
5,1705000,5,2,2,648
3,1610000,3,1,2,569
2,750000,2,1,2,153
3,1320000,3,2,2,320
2,896000,2,2,2,677
3,1450000,3,2,2,413
2,898000,2,1,1,266
4,1515000,4,2,0,611
5,2980000,5,3,2,694
4,2200000,4,3,4,583
1,500000,1,1,1,0
3,1100000,3,2,1,355
2,800000,2,1,2,282
4,3325000,4,3,2,627
2,691000,2,1,1,0
2,450000,2,2,1,0
2,738000,2,1,2,3414
3,1140000,3,2,2,224
2,500000,2,1,1,0
4,1460000,4,3,2,562
4,2800000,4,3,2,1093
3,820000,3,2,2,0
2,915500,2,2,1,0
4,1740000,4,3,2,414
1,2450000,1,2,0,994
4,1800000,4,2,1,667
4,2160000,4,2,1,577
3,1800000,2,2,2,920
3,2439500,3,2,2,662
4,2250000,5,2,2,647
4,2130000,4,2,2,714
2,400000,2,1,1,0
3,952000,3,2,2,246
3,1255000,3,2,2,614
3,1020000,2,2,2,221
3,926000,2,2,2,393
3,1070000,3,1,3,583
2,801000,2,1,1,217
3,1150000,3,2,1,0
2,472000,2,1,1,215
3,1471000,3,2,2,732
2,830000,2,1,2,658
3,1195000,3,1,2,601
3,1300000,3,2,2,586
4,1416000,4,2,2,575
4,1200000,4,2,2,0
3,865000,3,2,2,317
4,1650000,4,2,2,317
3,5100000,3,2,3,1038
4,2670000,4,2,1,336
3,1480000,3,1,0,228
1,348000,1,1,1,0
1,320000,1,1,0,0
3,1189000,3,1,1,181
2,610000,2,2,1,85
2,575000,2,1,1,0
2,600000,2,1,1,0
1,492000,1,1,1,0
2,891000,3,1,1,1585
2,806000,2,1,1,0
2,1155000,2,1,2,235
3,2000000,3,2,1,460
2,500000,2,1,1,0
2,753000,2,1,2,0
1,330000,1,1,1,0
3,1420000,3,1,0,218
3,956000,3,2,2,189
2,418000,2,1,0,1056
2,495000,2,1,1,0
2,525000,2,1,1,0
1,292000,1,1,0,0
2,430000,2,1,1,1997
1,365000,1,1,1,0
2,580000,2,1,1,1089
3,1300000,3,2,1,341
3,1300000,3,1,0,232
2,575000,2,2,1,0
1,335000,1,1,1,3132
2,440000,2,1,1,0
3,1000000,3,3,2,0
4,2610000,4,2,7,0
3,1741000,3,1,1,383
3,2325000,3,2,1,373
2,545000,2,1,1,0
2,655000,2,1,1,0
2,2920000,2,1,3,791
1,488000,1,1,1,0
3,1510000,3,2,2,264
1,450000,1,1,1,0
3,2065000,3,1,1,351
1,350000,1,1,1,0
2,645000,2,1,1,0
3,1400000,3,2,2,299
3,1712000,3,1,1,342
2,520000,2,1,1,0
1,480000,1,1,1,0
2,630000,2,1,1,71
4,3225000,4,2,2,665
2,517000,2,1,1,0
1,320000,1,1,1,0
2,1828500,2,1,0,243
1,400000,1,1,1,0
4,1650000,4,2,3,207
5,3950000,4,2,3,1236
2,587500,2,1,1,1099
2,560000,2,1,1,0
4,1936000,4,2,1,218
5,4250000,5,4,3,1275
5,3500000,5,1,3,740
2,487500,2,1,1,0
3,630000,3,1,1,0
3,1560000,3,2,0,198
2,2265000,2,1,1,460
3,840000,3,2,2,0
3,1780000,3,3,2,88
2,605000,2,1,1,0
2,535000,2,1,1,1228
2,815000,2,1,1,0
3,1975000,3,2,1,0
2,445000,2,1,1,0
2,663000,2,1,1,0
2,657500,2,1,1,728
4,5050000,4,4,2,905
1,445000,1,1,1,0
2,750000,2,1,1,747
3,1180000,3,1,3,218
2,470000,2,1,1,0
2,485000,2,1,1,0
1,290000,1,1,1,1568
4,1800000,3,2,4,601
2,805000,2,1,1,0
3,1855000,3,1,1,304
3,1377000,3,1,2,314
2,665000,2,1,3,0
2,751000,2,1,1,711
3,1551000,3,1,1,199
1,415000,1,1,1,0
2,743000,2,1,2,0
2,1535000,2,1,0,243
2,612500,2,1,1,859
3,2410000,3,2,0,249
2,690000,2,1,1,82
2,695000,2,1,1,3194
2,715000,2,1,1,0
3,2375000,3,2,2,472
3,1980000,3,2,1,151
2,1055000,2,2,1,191
4,1976000,4,2,2,410
1,382000,1,1,1,0
1,499000,1,1,1,0
2,495000,2,1,1,0
5,3750000,5,3,2,827
3,1400000,3,2,1,164
1,370000,1,1,1,0
2,627500,2,2,2,0
2,710000,2,2,1,0
1,485000,2,1,1,0
1,310000,1,1,1,0
3,3120000,2,1,4,677
2,450000,2,1,1,0
3,2160000,3,2,2,387
2,815000,2,1,2,589
3,720000,3,1,0,505
4,1370000,4,2,4,481
2,757000,2,2,2,275
3,740600,3,2,2,337
3,580000,2,1,1,577
2,565000,2,2,1,201
5,1587500,4,5,2,599
4,758500,2,2,3,510
3,994000,3,2,2,807
3,725000,3,2,1,665
2,725000,2,1,3,577
3,743000,3,1,0,673
3,785000,3,1,0,592
3,620000,3,2,2,215
2,700000,3,2,1,608
3,706750,3,2,2,250
2,584000,2,1,1,428
3,909000,3,2,2,585
4,1086000,4,2,2,724
2,680000,2,1,1,605
2,440000,2,1,2,281
2,650000,2,1,3,620
5,890000,5,2,2,596
3,650000,3,1,2,582
3,659500,3,1,1,608
3,725000,3,1,2,580
2,605000,2,1,1,166
8,770000,8,4,4,638
3,950000,3,1,2,800
4,856000,4,1,2,722
3,600000,3,2,2,251
2,450000,2,1,1,0
2,1060000,2,1,0,837
3,850000,3,1,1,590
2,510000,2,1,2,244
3,1100000,3,1,0,613
3,915000,3,1,1,748
2,400000,2,1,1,127
2,526000,2,1,1,310
2,570000,2,1,3,428
3,550000,3,1,1,420
2,510000,2,1,1,174
2,590000,2,1,2,586
2,920000,2,1,3,932
2,460000,2,1,2,508
3,662500,3,1,4,552
4,1000500,4,2,1,592
3,631000,3,1,1,596
5,765000,3,2,2,415
3,691000,2,1,2,624
3,560000,3,1,1,523
2,735000,2,1,3,602
3,830000,3,2,0,643
3,330000,3,1,1,468
1,405000,1,1,2,374
2,370000,2,1,1,100
3,532000,3,1,1,390
3,740000,3,2,1,627
2,686000,2,1,2,650
2,501500,2,1,2,538
3,525500,3,1,1,605
3,525000,3,1,2,192
3,710000,3,1,1,594
3,808000,3,1,0,649
3,652000,3,1,0,589
2,515500,2,1,1,331
3,800000,3,1,3,633
2,450000,2,1,2,418
3,605000,1,2,4,0
2,620000,2,1,2,668
2,497500,2,1,2,708
2,360000,2,1,1,89
2,440500,2,1,1,368
4,758000,4,1,1,632
3,690500,3,1,2,605
2,752000,2,1,0,627
2,777000,2,1,0,649
2,680000,2,1,1,591
3,480000,3,1,1,338
4,715000,4,2,2,521
2,520000,2,1,2,594
3,646250,3,1,2,616
3,1375000,3,1,1,368
3,722000,3,1,2,593
2,715000,2,1,3,609
1,636000,1,1,1,588
2,590000,2,1,2,586
4,820000,4,2,2,608
2,725000,2,1,3,632
2,705000,2,1,1,583
3,710000,3,2,4,1
2,415000,2,1,1,422
3,392000,3,1,2,372
3,961000,3,1,2,1179
3,507000,3,1,1,536
3,465000,2,1,1,413
3,675000,3,1,2,665
2,1550000,2,1,1,732
2,516000,2,1,1,0
3,1340000,3,1,1,705
3,855000,3,1,2,0
3,1316000,2,1,2,715
3,828000,3,2,1,206
3,1055000,3,1,1,562
2,623000,2,1,1,101
4,2120000,4,2,2,847
4,1745000,4,2,1,547
4,1700000,4,2,2,545
2,420000,2,1,1,0
2,375500,2,1,1,0
3,1350000,3,1,2,698
4,900000,1,1,1,369
2,1262000,2,1,1,546
4,1337000,4,1,2,696
2,455000,2,1,2,0
2,400000,2,1,1,100
2,648000,2,1,1,0
3,1210000,3,1,2,730
4,1167500,3,2,1,678
3,900000,3,2,1,360
4,1322000,3,2,4,738
2,677500,2,1,4,575
2,480000,2,1,1,0
2,430000,2,1,1,0
1,460000,1,1,0,75
4,1601000,4,3,2,610
4,2265000,4,2,2,925
3,1680000,3,2,2,665
2,440000,2,1,0,0
4,2350000,4,2,2,638
3,962000,3,2,1,108
3,981000,5,3,2,626
4,2400000,0,2,2,1252
3,890000,3,2,2,249
2,490000,2,1,1,0
2,739000,2,1,1,648
3,1340000,2,1,1,571
3,785000,3,2,0,399
3,1155000,3,1,2,537
4,1300000,4,1,1,586
2,1020000,2,1,1,557
3,1796000,3,1,1,614
2,790000,2,1,1,221
3,1465000,3,1,2,630
3,855000,3,2,2,0
2,705000,2,1,1,94
2,504000,2,1,1,0
1,413000,1,1,1,845
3,1010000,3,2,2,314
3,1220000,3,1,1,687
3,1605000,3,2,2,608
2,587000,2,1,1,721
2,475000,2,1,1,0
3,1075000,3,1,2,677
2,465000,2,1,1,795
2,610000,2,1,1,277
2,690000,2,1,1,103
3,1535000,3,1,2,691
4,1470000,4,2,1,694
3,1486000,3,1,2,645
1,420000,1,1,1,55
3,750000,3,1,1,110
2,460000,2,0,0,0
4,1615000,5,2,3,758
5,1730000,4,2,2,689
2,779000,3,1,2,152
3,1850000,3,2,2,684
2,1910000,2,1,2,760
5,2600000,5,3,1,1006
2,500000,2,1,1,71
3,950000,3,3,2,290
2,450000,2,1,1,0
3,1102000,3,1,1,597
3,1275000,3,2,2,834
3,1065000,3,1,1,596
2,785000,2,2,1,124
3,1223500,3,2,2,721
2,845000,2,2,2,147
4,1720000,4,2,3,631
3,1225000,3,1,1,572
2,630000,2,1,1,199
4,1460000,4,1,2,605
1,421000,1,1,1,0
4,2090000,4,3,2,608
4,1758000,4,2,2,650
3,700000,3,2,1,189
5,1420000,5,3,1,455
3,550000,3,1,1,139
4,2595000,4,3,3,719
2,710000,2,1,1,134
3,650000,3,2,2,0
1,385000,1,1,1,0
4,740000,4,2,2,558
4,500000,4,2,2,579
3,365000,3,1,0,543
4,570000,4,2,2,558
3,515000,3,1,4,597
4,1095000,4,3,5,654
3,582000,3,2,4,530
3,545000,3,2,2,570
3,461000,3,1,0,534
4,751000,4,2,2,649
4,500000,4,1,2,574
4,560000,4,2,2,612
3,320000,3,2,1,119
3,450000,3,1,2,548
3,703000,3,2,2,683
3,650000,3,1,1,538
3,770000,3,2,1,331
3,480000,3,2,1,184
3,590000,3,1,2,610
4,900000,4,2,1,289
3,935000,3,1,2,662
3,700000,3,2,2,288
3,675000,3,2,1,549
4,816000,4,2,1,540
4,845000,3,1,1,622
3,725000,3,1,1,657
3,772000,3,2,3,672
3,650000,3,2,2,3977
3,757000,3,2,1,532
3,690000,3,2,2,568
3,785000,3,2,2,610
3,583000,3,1,1,412
4,920000,3,2,2,603
3,880000,3,1,2,584
3,580000,3,2,2,112
4,886000,4,3,1,322
4,970000,4,2,4,659
4,920000,4,2,2,745
3,625000,3,1,2,539
3,825000,3,3,1,318
3,695000,3,1,1,564
3,915000,3,1,2,610
3,976000,3,3,2,605
2,520000,2,2,2,54
4,1420000,4,2,2,613
3,900000,3,1,1,713
2,470000,2,1,1,218
5,1100000,4,2,2,781
3,470000,3,1,1,254
2,380000,2,1,1,116
3,560000,3,1,2,352
4,1010000,4,2,2,776
3,740000,3,1,2,684
3,630000,2,2,1,221
4,835000,4,2,3,708
3,705000,3,2,1,440
3,680000,3,2,2,224
4,871000,4,2,2,570
5,808000,5,2,2,561
3,891000,3,3,1,292
3,785000,3,1,2,606
3,695000,3,2,2,716
4,807000,4,2,2,319
2,502000,5,1,2,0
4,770000,4,2,2,546
5,700000,4,2,2,629
3,570000,3,1,2,542
4,830000,4,2,2,686
3,600000,3,1,1,565
3,825000,3,2,1,630
4,680000,4,2,2,545
3,720000,3,1,2,639
4,735000,4,2,2,547
3,875000,3,2,2,928
3,601200,4,1,1,554
3,695000,3,1,3,0
3,680000,3,1,2,558
3,660000,3,2,1,265
3,650000,3,2,2,176
3,900000,3,1,2,600
3,823000,3,1,2,538
4,847000,4,3,2,579
3,705000,3,1,2,616
3,710000,3,2,1,320
4,732000,4,2,2,544
3,715000,3,2,4,598
3,785000,2,1,1,258
3,852000,3,1,1,166
3,1037000,3,1,1,188
2,775000,2,1,0,150
3,1470000,3,1,1,199
2,630000,2,2,1,0
3,845000,3,2,1,132
2,492500,2,1,1,0
2,420000,2,1,1,0
2,650000,2,1,1,79
3,1050000,3,1,1,274
3,1291000,3,1,1,416
2,420000,2,1,1,0
3,961000,3,1,1,235
3,1271000,3,1,1,284
3,1010000,3,1,0,234
2,750000,2,1,1,325
4,1675000,4,2,2,279
2,905000,2,2,1,138
2,960000,2,1,1,174
2,1031000,2,1,1,163
3,918000,3,2,1,788
3,870000,3,1,1,211
3,1165000,3,1,0,239
5,1710000,5,2,2,566
1,360000,1,1,1,4267
3,1455000,3,1,0,275
1,365000,1,1,1,0
3,551000,3,1,1,4440
2,442000,2,2,1,3448
2,765000,2,1,2,158
2,515000,2,1,1,3957
3,570000,3,1,2,0
1,370000,1,1,1,0
2,1005000,2,1,0,274
2,1234500,2,2,2,169
2,666000,2,1,2,1111
2,825000,2,1,1,211
2,770000,2,2,1,0
3,1135000,3,1,0,0
4,975000,4,3,1,0
2,812000,2,1,0,132
5,1900000,5,2,2,566
1,445000,1,1,0,0
2,732000,3,2,1,94
3,1260000,3,2,2,250
3,1000000,3,2,2,211
2,1155000,2,1,1,197
2,700000,2,1,3,62
3,813500,3,1,1,165
2,526000,2,0,0,0
3,790000,3,2,2,1181
4,1365000,4,2,1,242
2,700000,2,2,1,324
1,370000,1,1,2,0
3,1230000,3,1,1,312
2,460000,2,1,1,0
2,395000,2,1,1,0
5,1001000,3,1,0,301
2,850000,2,1,1,169
3,1335000,3,1,3,459
2,868000,2,1,1,97
2,960000,2,1,0,179
2,773000,2,1,1,0
2,631090,2,2,1,2136
2,410000,2,1,1,0
2,425000,2,1,1,0
2,1211000,2,1,1,183
2,506000,2,1,1,0
2,806000,2,1,1,173
3,829000,2,2,2,84
2,786000,2,1,0,149
2,458000,1,1,1,0
3,1635000,3,1,2,396
2,4800000,2,2,1,697
2,562500,2,2,1,0
2,520000,2,1,1,0
5,4350000,5,3,2,853
3,1528500,3,1,1,375
2,630000,2,1,2,91
4,1690000,4,3,1,358
2,610000,2,1,1,745
3,1490000,3,2,2,597
2,588000,2,1,1,0
3,882000,3,2,2,0
2,831000,2,1,1,0
4,2130000,4,2,2,649
2,650000,2,1,1,0
2,599000,2,1,1,0
2,820000,2,1,2,0
4,2200000,4,1,2,735
4,3550000,4,3,4,992
2,1326000,2,1,2,405
2,610000,2,1,1,0
4,1950000,3,2,2,400
3,1875000,3,2,2,426
5,2850000,5,2,2,815
4,2550000,4,2,2,603
3,1878000,3,2,1,392
4,1910000,4,3,2,277
3,1410000,3,1,2,304
2,515000,2,1,1,743
3,2310000,3,1,2,782
2,890000,2,1,1,0
3,1668000,3,2,2,289
4,2315000,4,2,0,364
3,800000,3,2,2,848
2,1950000,2,1,4,596
5,4850000,5,4,4,957
3,2770000,3,3,4,1197
6,6500000,6,6,3,1334
2,580000,2,1,1,0
2,525000,2,1,1,0
3,1905000,4,2,2,591
2,478000,1,1,1,0
2,672000,2,1,1,0
4,2286000,4,3,2,712
3,1575000,3,2,2,397
2,590000,2,1,1,0
2,765000,2,1,2,0
2,1507000,2,1,2,667
3,972500,3,2,2,0
2,672000,2,1,1,0
4,2350000,4,2,2,861
4,1312000,4,2,1,687
2,890000,2,2,1,89
4,2117000,4,1,2,520
2,1331000,2,1,1,424
4,1800000,5,2,2,586
4,2513000,3,1,2,832
3,1476000,3,2,2,288
4,2590000,4,2,2,660
4,2625000,4,2,2,717
4,2265000,4,1,1,650
5,1975000,3,2,1,531
4,2075000,4,2,2,764
5,2550000,5,4,2,597
4,2240000,4,2,2,820
2,1275000,2,1,0,381
3,1330000,3,2,2,205
3,720000,3,1,1,0
3,1450000,3,2,2,247
3,3650000,3,2,3,1353
2,551000,2,1,2,0
4,2800000,4,1,0,919
2,557000,2,1,1,0
3,1410000,3,1,1,519
4,1000000,3,3,2,317
4,2450000,3,2,2,1012
4,2460000,4,4,2,737
4,2850000,4,2,4,690
5,2425000,5,2,2,534
2,610000,2,1,1,745
3,955000,3,2,2,140
2,707500,2,1,1,124
3,1410000,3,2,1,442
3,732000,3,1,1,904
2,2875000,2,1,1,1065
3,1565000,3,1,1,535
2,480000,2,2,1,0
4,1725000,4,2,3,709
3,1500000,3,1,2,857
4,1750000,4,3,2,641
3,1100000,3,1,1,0
3,1290000,3,1,0,321
3,1440000,3,1,1,298
4,2560000,4,3,4,670
5,2600000,5,2,2,674
4,2245000,4,3,2,627
5,3280000,4,5,2,480
3,730000,3,2,2,0
4,4005000,4,3,3,800
3,1211000,3,1,1,633
2,891000,2,1,1,121
3,620000,3,1,1,0
4,2600000,4,3,2,700
5,2800000,5,2,3,920
3,1420000,3,2,2,275
3,1800000,4,2,1,336
3,3065000,3,2,3,773
1,395000,1,1,1,0
4,2250000,4,3,2,741
4,2490000,3,2,2,712
2,620000,2,1,1,0
3,1750000,3,1,3,650
5,1950000,5,2,3,711
2,605000,2,1,1,0
3,1920000,3,1,2,672
4,1610000,4,2,2,763
5,1850000,5,3,4,787
3,1615000,3,1,1,702
4,1830000,4,2,3,596
3,1300000,3,1,2,378
3,1880000,3,1,2,836
4,2081000,3,4,3,948
4,1315000,4,2,2,458
3,1750000,3,2,4,611
5,3028000,5,5,4,696
5,2100000,5,3,2,695
2,1110000,2,1,1,0
4,2175000,4,2,2,691
6,1300000,6,3,2,730
3,1350000,3,2,2,414
3,1963000,3,2,2,426
4,1315000,4,2,2,458
3,1620000,3,2,2,248
3,1770000,3,1,1,698
3,1260000,3,2,2,284
2,1290000,2,2,2,0
3,670000,3,1,3,564
3,615000,3,2,2,165
3,715000,3,1,1,576
4,826000,4,2,2,308
2,275000,2,1,1,1972
2,711000,2,1,0,163
3,640000,3,2,2,214
3,1200000,3,1,1,589
2,927000,2,1,4,524
3,695000,3,2,1,156
3,880000,3,1,1,586
2,485000,2,1,1,152
3,490000,3,1,2,306
3,725000,3,1,2,305
3,676500,3,2,1,250
2,502000,2,1,1,144
3,721000,2,2,1,239
4,1048000,3,2,1,647
3,520000,3,2,2,184
2,1000000,2,1,2,700
3,580000,3,1,2,278
3,840000,3,1,1,584
2,335000,2,1,1,0
3,893000,3,1,3,528
3,832000,3,1,2,300
2,646000,2,1,2,270
3,673000,3,1,2,285
3,728000,3,2,2,218
2,600000,2,1,2,127
3,695000,3,1,2,214
3,935000,3,1,2,485
2,349000,2,1,1,0
3,555000,3,1,2,210
3,815000,3,1,2,0
3,915000,3,1,3,667
2,352500,2,1,1,15100
2,600000,2,1,1,194
4,690000,3,2,1,270
5,1350000,5,3,2,527
3,930000,3,1,2,492
2,510000,2,1,2,118
3,725500,3,2,2,214
3,746000,3,1,1,314
3,750000,2,2,1,782
2,360000,3,2,1,0
4,765000,4,1,2,672
4,1060000,4,2,2,660
3,740000,3,1,2,333
2,770000,2,1,1,329
3,490000,3,1,2,269
3,657000,3,2,2,159
2,830000,2,1,2,318
4,675000,4,1,1,595
3,865000,3,1,3,381
2,600000,2,2,1,145
4,773000,4,1,2,333
3,905000,3,1,1,686
2,570500,2,1,2,0
2,1350000,2,2,2,0
3,2050000,2,2,1,231
4,2300000,4,2,2,599
4,3460000,4,2,2,502
4,2400000,4,2,2,586
2,569000,2,1,2,0
3,2025000,3,2,2,396
3,1950000,2,1,1,325
3,1895000,3,2,0,258
2,635000,2,1,1,0
2,611000,2,1,1,0
2,1611000,2,1,2,277
4,3800000,4,3,2,587
3,1390000,3,2,1,227
2,780000,2,0,0,0
4,4700000,4,3,2,879
3,2415000,3,1,3,696
2,566000,2,1,1,0
3,1437000,2,1,1,313
2,500000,2,1,1,0
2,1155000,2,2,2,0
3,3010000,3,3,4,283
2,650000,2,2,1,0
5,3400000,4,3,4,807
3,2355000,3,2,4,471
5,4240000,5,3,3,580
3,927000,3,1,1,0
2,1326000,2,1,0,254
4,4525000,4,4,2,716
2,660000,2,1,1,0
4,1617000,2,1,0,337
4,1965000,4,2,1,300
3,2325000,3,2,2,347
4,3470000,4,3,2,585
2,740000,2,1,1,0
5,2325000,5,3,2,501
3,1970000,3,2,1,246
1,405000,1,1,1,0
2,1475000,2,1,1,232
2,640000,2,2,1,0
2,700000,2,1,2,0
3,1000000,3,2,1,176
2,584000,2,1,1,0
1,420000,1,1,3,0
3,2300000,3,2,2,313
3,1490000,3,1,1,322
3,1210000,3,2,1,337
4,1300000,3,2,2,644
4,1675000,3,2,4,727
3,980000,3,1,2,317
4,2400000,4,2,2,758
4,2355000,4,2,3,0
2,1036000,2,1,1,310
4,1301000,4,3,2,611
3,2273000,3,3,1,376
5,2350000,5,2,2,567
4,1215000,4,2,2,207
2,447000,2,1,1,0
4,2200000,4,2,2,541
4,2200000,4,3,2,567
2,790000,2,1,2,196
4,2250000,4,1,2,720
4,1185000,3,2,2,797
3,1837000,4,2,1,769
3,1105000,3,2,2,331
3,1253000,3,2,1,216
3,1505000,3,2,1,647
3,1500000,3,1,1,693
4,1400000,4,2,2,260
2,720000,2,1,1,92
3,2210000,3,1,2,789
3,940000,3,2,1,206
5,1810000,5,3,2,751
3,922000,3,2,2,0
5,4802500,5,2,4,837
1,350000,1,1,1,0
3,1555000,3,2,2,691
4,2123000,4,3,2,412
4,2800000,4,2,3,809
3,2305000,3,2,2,543
4,1700000,4,3,2,365
5,2500000,5,3,2,488
2,370000,2,1,1,0
2,1150000,2,1,2,604
5,1600000,5,2,2,639
4,2001000,4,2,2,526
3,1915000,3,2,2,700
4,1690000,4,2,2,334
3,1135000,3,3,2,0
4,1240000,4,2,2,310
3,1120000,3,2,2,181
3,1625000,3,2,1,87
3,1500000,3,1,2,888
2,1400000,2,1,1,312
3,707500,2,1,1,170
2,835000,2,1,1,0
3,1870000,3,2,1,400
4,1580000,4,2,1,504
2,820000,2,2,1,0
2,480000,2,1,1,0
2,1420000,2,1,1,348
3,1370000,3,2,2,323
3,1680000,3,2,2,234
4,2960000,5,2,4,798
4,2110000,4,2,2,645
3,1300000,3,2,2,323
3,1750000,3,1,2,562
1,300000,1,1,1,0
3,1100000,3,1,2,645
1,373000,1,1,1,0
3,1230000,3,2,2,822
2,536000,2,1,1,0
2,2412000,2,1,4,1220
4,2560000,4,3,2,427
3,960000,3,2,1,310
1,315000,1,1,1,0
3,1297000,3,1,1,333
3,1015000,3,2,2,0
2,523000,2,1,1,0
3,1335000,3,2,2,606
3,1055000,3,2,1,0
2,425000,2,1,1,0
3,1670000,3,2,1,375
4,1350000,4,3,2,222
3,1650000,3,1,2,764
4,1550000,4,2,4,848
3,950000,3,1,1,288
3,1782500,3,1,2,615
4,2490000,3,2,2,640
2,500000,2,1,1,50
2,650000,2,2,1,0
3,870000,3,2,2,392
2,635000,2,2,1,0
3,975000,3,1,2,597
3,560000,3,2,2,77
3,560000,3,2,2,83
2,355000,2,1,1,0
3,550000,3,2,2,77
2,420000,2,1,2,5661
2,399000,2,1,1,904
4,940000,4,2,1,516
3,1105000,3,1,4,762
3,730000,3,1,2,250
2,425000,2,1,1,170
3,662500,3,2,2,202
3,986500,3,1,1,629
2,410000,2,1,2,53
5,930000,5,2,2,330
3,920000,3,1,2,689
3,1320000,3,2,2,645
5,1150000,5,3,2,446
3,680000,3,2,2,225
5,990000,5,2,2,433
2,330000,2,1,1,950
3,1011000,3,2,2,225
3,847000,3,2,2,222
2,400000,2,1,2,3967
4,1100000,4,2,2,586
3,1072000,3,2,2,1396
2,479000,2,2,1,0
2,470000,2,2,1,0
2,510000,2,2,1,176
3,865000,3,2,2,151
2,488000,2,2,2,0
4,940000,4,2,1,325
2,570000,3,1,2,98
2,335000,2,1,1,0
4,1900000,4,3,8,865
2,429000,2,1,1,83
2,495000,2,2,2,37000
3,820000,3,2,2,275
3,456000,3,2,2,4977
2,566000,2,2,1,3014
2,408000,2,1,1,85
4,1040000,4,3,2,298
2,470000,2,2,1,0
3,1460000,3,1,2,926
3,780000,3,3,2,173
3,675000,3,2,2,210
2,440000,2,1,2,54
4,1048700,3,2,2,452
2,400000,2,1,2,54
4,1215000,4,3,4,613
4,1180000,4,3,2,688
4,1117000,4,3,2,325
2,420000,2,1,1,0
5,1000000,5,3,2,98
4,770000,4,2,2,215
3,905000,3,1,2,696
5,1151000,5,2,5,694
3,907000,3,1,2,678
2,570000,2,2,1,3014
3,820000,3,2,2,203
3,940000,3,1,1,695
4,1030000,4,2,1,573
5,1350000,5,3,5,670
4,1230000,3,3,2,270
3,460000,3,2,1,95
3,884500,3,2,2,211
3,1010000,3,1,1,594
3,820000,3,1,4,539
3,820000,3,1,4,578
2,330000,2,1,1,0
1,427000,1,1,0,0
2,1160500,2,2,1,4230
2,780000,2,2,1,0
2,535000,2,1,1,0
2,450000,2,1,1,0
2,360000,2,1,0,0
2,665000,2,1,1,0
1,386000,1,1,0,0
1,659000,1,1,1,0
2,671000,2,1,1,0
2,545000,2,1,1,0
1,450000,1,1,0,0
1,432000,1,1,1,0
1,400000,1,1,1,0
1,210000,1,1,0,0
3,750000,3,2,1,0
1,375000,1,1,0,1414
1,680000,1,1,2,0
2,470000,2,1,2,0
2,650000,2,1,1,0
2,483000,1,1,1,0
3,610000,3,2,0,0
1,700000,1,1,1,0
2,520000,1,1,1,4051
1,440000,1,1,1,0
1,436000,1,1,0,0
2,733000,2,2,1,0
2,675000,2,2,1,0
3,1630000,3,2,0,95
3,760000,2,2,1,0
2,360000,1,1,1,1136
2,390000,2,1,1,1751
3,2600000,3,1,1,279
3,2350000,3,1,2,277
3,2956000,3,2,0,300
2,535000,2,1,1,760
1,400000,1,1,1,0
2,1690000,2,1,1,145
2,1020000,2,1,1,107
2,1515000,3,1,0,98
2,700000,2,1,1,0
3,2360000,3,1,1,288
3,2005000,3,1,0,220
2,702000,2,1,1,0
4,3120000,4,2,1,182
2,1025000,2,1,0,123
2,1920000,2,1,0,152
3,2623000,3,2,2,181
3,1500000,3,2,1,151
2,1630000,2,1,0,152
3,1910000,3,1,3,217
2,1320000,2,1,1,613
4,2850000,4,2,2,1388
2,750000,2,2,2,0
3,2588000,3,3,2,1149
5,1955000,5,3,2,424
5,1400000,5,4,2,355
2,665000,2,2,2,1291
5,2714000,5,2,2,1053
6,2350000,6,3,3,2026
4,2200000,4,2,2,931
2,660000,2,2,1,146
3,1310000,3,2,2,330
2,540000,2,1,1,0
4,2335000,4,2,2,813
4,2000000,3,2,1,626
5,1815000,5,1,0,711
2,725000,2,2,2,0
4,3900000,4,2,6,2187
2,666000,2,1,1,0
3,1200000,3,2,2,255
3,1564000,3,2,2,640
2,520000,2,1,1,0
3,670000,3,2,2,0
4,1715000,4,2,3,668
3,1055000,3,2,2,0
2,348000,2,1,1,0
4,1780000,4,3,2,615
6,2150000,6,3,2,912
5,1730000,5,1,1,584
3,1440000,3,2,1,287
4,1225000,4,1,1,388
4,1445000,3,3,2,384
3,990000,3,1,2,328
3,1400000,3,2,2,597
3,1550000,3,2,3,477
3,1170000,3,1,1,443
4,1120000,4,1,1,571
2,675000,2,1,1,206
3,880000,3,2,2,315
4,1530000,3,2,1,431
4,1350000,4,2,2,447
3,832000,3,2,2,214
2,420000,2,1,1,0
4,2400000,4,4,2,636
3,565000,2,2,1,0
2,550000,2,1,1,0
4,1211000,3,1,3,477
5,2405000,5,2,1,0
4,1395000,4,1,2,603
3,1630000,3,2,0,408
3,1160000,3,1,1,449
3,1065000,3,1,1,395
4,1361500,4,1,2,453
2,945000,2,1,0,225
1,360000,1,1,1,0
2,860000,2,1,1,301
3,1260000,3,2,1,253
4,1637000,4,1,3,539
3,1505000,3,2,2,249
2,515000,2,1,1,1981
3,1100000,3,1,2,572
2,330000,2,1,1,0
3,1145000,3,2,2,478
4,1322000,3,1,1,549
2,1015000,2,1,1,228
2,750000,2,1,1,0
2,1013000,2,1,0,237
3,840000,3,1,0,307
4,1150000,4,2,1,481
5,1900000,5,3,2,646
3,890500,3,2,1,213
5,2340000,5,3,3,619
3,1370000,3,1,2,427
3,1400000,3,2,2,394
4,1310000,3,3,2,475
4,1833000,4,1,1,583
3,855000,3,1,1,274
3,930000,2,1,1,305
4,1640000,4,2,1,435
3,1480000,3,1,2,436
2,672000,2,1,2,230
2,410000,2,1,1,0
5,980000,5,2,2,207
2,1055000,2,1,1,292
2,440000,2,1,1,0
3,1435000,3,1,3,633
4,1275000,4,2,1,627
3,842500,3,2,1,216
4,1345000,4,2,2,313
1,265000,1,1,1,0
2,849000,2,1,1,345
3,1425000,3,1,1,526
3,1345000,3,2,1,310
2,330000,3,1,1,0
4,726000,4,2,1,67
3,1250000,3,2,1,283
3,870000,3,2,2,156
2,801000,2,1,0,133
3,1725000,3,2,3,596
1,415000,1,1,1,0
3,650000,3,1,1,0
2,600000,2,1,1,166
4,1505000,4,2,2,441
3,850000,3,2,1,271
1,292000,1,1,1,0
2,956000,2,1,2,435
5,1740000,4,1,2,739
3,1683000,3,2,2,222
2,574000,2,2,1,159
2,470000,2,1,1,0
3,1130000,3,2,2,217
2,730000,2,1,2,217
2,831000,2,1,1,0
3,930000,3,3,1,325
3,800000,2,1,1,207
3,1111000,3,1,2,502
2,900000,2,1,1,339
2,822500,3,1,1,219
4,1400000,3,2,2,595
1,336000,1,1,1,0
2,800000,2,2,2,239
3,1224000,3,1,3,834
3,1020000,3,1,3,771
3,1000000,3,2,2,573
1,380500,1,1,1,106
4,930000,4,3,2,443
3,1090000,3,2,2,784
4,947500,4,2,2,609
3,836000,3,1,4,695
3,1417250,3,2,2,653
3,980000,3,1,2,623
3,1110000,3,1,4,690
2,950000,2,1,3,649
4,1140000,4,2,1,318
3,750000,3,2,1,164
3,931000,3,1,2,313
4,1000000,4,3,4,581
2,655000,2,1,1,1202
4,1200000,4,2,1,696
3,987000,3,1,1,603
3,937000,3,2,1,534
4,1426000,4,2,1,720
4,1016000,4,3,2,272
3,910000,3,2,2,312
4,1385000,4,2,2,807
3,785000,3,2,2,169
3,901000,2,2,3,558
4,1300000,4,3,2,743
3,975000,2,1,2,576
4,1070000,4,2,1,603
2,639000,2,1,1,83
2,605000,2,1,2,180
3,960000,3,1,1,593
3,725000,3,2,1,374
3,981000,2,1,2,601
3,975000,3,1,2,650
3,800000,3,2,2,261
4,921000,4,1,2,592
3,917000,3,2,2,472
3,890000,3,1,1,698
3,1008000,3,2,1,1660
2,1191000,2,1,2,756
4,1130000,4,1,2,638
2,776000,2,1,1,209
4,1035000,3,1,2,688
3,920000,3,1,1,653
4,1160000,4,2,2,588
3,825000,3,1,2,538
3,800000,3,2,1,0
1,240000,1,1,1,0
4,1105000,3,2,2,220
3,1025000,3,2,2,301
3,826000,2,1,2,281
3,900000,3,2,2,194
3,962000,3,2,2,283
2,800000,2,1,1,244
3,785000,3,2,2,0
4,710000,4,1,2,329
3,920000,3,2,2,296
4,940000,3,2,1,379
3,655800,2,2,1,178
4,1082000,4,3,2,233
3,1210000,3,1,1,546
3,880000,3,1,1,557
1,335000,1,1,1,0
4,1260000,4,1,3,757
3,1400000,3,2,3,2522
3,995000,3,1,2,316
4,1380000,4,1,4,766
3,1220000,3,2,0,311
3,785000,3,1,1,185
2,962000,2,1,1,402
4,860000,3,3,2,217
5,1220000,5,3,2,681
3,930000,3,1,1,307
3,930000,3,2,1,343
3,800000,3,2,1,0
3,1305000,3,1,0,357
3,1060000,3,1,4,600
2,485000,2,1,1,0
3,950000,3,2,1,224
2,910000,2,1,1,264
3,810000,3,1,1,390
3,776000,3,1,3,363
3,1002500,3,1,2,501
3,807500,3,1,3,647
2,1120000,1,1,3,574
3,950000,2,2,2,281
4,1620000,4,3,1,425
3,923000,3,1,0,221
2,1030000,2,1,2,470
3,1046000,3,2,2,284
3,716000,3,1,2,268
2,740000,2,2,1,213
4,970000,3,1,1,619
3,735000,3,2,2,0
2,762000,2,1,2,451
2,485000,2,1,1,0
3,950000,3,1,2,453
4,1280000,4,2,1,458
4,1040000,3,2,2,299
2,922000,2,1,0,301
5,2415000,3,3,2,803
4,1115000,4,1,1,0
3,1675000,3,2,2,575
3,1176000,3,1,2,767
4,1265000,5,2,2,774
2,801000,1,1,1,343
3,1185000,3,1,2,771
3,770000,3,2,2,224
3,1200000,3,2,0,288
3,993000,3,2,2,348
3,901000,3,1,1,557
2,650000,2,1,1,149
3,891500,3,1,0,344
4,3420000,4,2,2,757
3,805000,3,1,2,322
2,680000,2,1,1,229
4,827500,4,3,2,221
2,793000,2,1,1,144
3,988000,3,1,1,450
3,747000,3,2,2,753
3,910000,3,1,2,531
2,896000,2,1,0,297
2,890000,2,1,0,168
3,1199000,3,1,3,506
3,1100000,3,2,1,293
5,2015000,5,2,4,1017
4,930000,4,3,3,278
3,1151000,2,1,5,571
4,820000,4,2,2,753
2,670000,2,1,1,190
3,1040000,3,1,2,595
4,1316000,4,2,3,539
2,816000,2,1,1,315
3,945000,4,2,1,487
1,643700,1,1,0,129
2,760000,2,1,2,255
8,881000,6,2,4,663
3,900000,3,2,2,360
3,830000,3,3,2,303
3,780000,3,2,2,274
3,1020000,3,1,2,650
1,1330000,1,1,1,846
4,1126000,4,2,2,650
3,1235000,3,2,1,0
2,457000,2,1,1,0
2,660000,2,2,1,217
3,770000,3,2,1,313
3,895500,3,2,2,347
4,1350000,4,3,2,747
3,820000,3,2,1,229
2,617500,2,1,1,237
2,490000,2,1,1,142
3,800000,3,2,1,0
3,991000,3,1,1,716
3,970000,3,2,1,320
2,657000,2,2,1,268
3,710000,3,2,1,317
3,840000,3,1,2,603
3,975000,3,1,1,822
3,600000,3,2,1,164
4,875000,4,3,1,321
3,785000,3,1,2,620
3,840000,3,2,2,374
3,1076000,3,1,1,654
4,850000,4,3,2,641
5,1400000,4,2,2,650
4,1080000,3,3,2,539
3,1065000,3,1,2,653
3,773000,3,2,2,403
3,700000,3,1,1,202
3,760000,3,2,1,198
2,1190000,2,1,2,650
3,1015000,3,1,1,643
3,875000,3,1,0,656
3,1020000,3,1,1,650
3,773000,3,1,1,275
2,522500,2,1,1,167
3,1100000,3,1,1,655
2,1007000,2,1,1,646
4,1245000,4,3,3,0
3,1155000,3,2,3,653
3,746000,3,1,1,256
4,1160000,4,3,2,424
3,1105000,3,1,1,643
2,591000,2,1,1,269
3,960000,3,1,1,645
3,815000,3,2,2,203
4,2920000,4,3,4,310
3,1635000,2,1,0,517
1,491000,1,1,1,0
2,540000,2,1,1,0
1,340000,1,1,1,0
2,726000,2,1,1,0
3,1340000,3,1,0,83
2,1105000,2,2,1,88
2,841000,2,1,1,215
2,528500,2,1,1,0
2,585000,2,1,1,0
2,645000,2,1,1,0
1,410000,1,1,1,1045
2,550000,2,1,2,0
2,470000,2,1,1,0
2,470000,2,1,1,0
2,475000,2,1,1,0
2,640000,2,2,1,0
4,1330000,3,2,1,246
2,720000,2,2,1,0
2,888000,2,1,1,0
3,1325000,3,2,1,97
1,368000,1,1,1,0
3,1300000,3,2,2,67
2,450000,2,1,1,1588
3,1385000,3,2,0,118
2,990000,2,2,1,584
2,440000,2,1,1,0
2,606000,2,1,2,0
1,450000,1,1,1,0
3,1470000,2,1,0,232
2,591500,2,1,1,0
2,1300000,2,2,1,0
2,1010000,2,2,0,109
2,1266000,2,1,0,161
2,620000,2,1,2,0
2,540000,2,1,1,0
2,1200000,2,2,1,146
2,630000,2,1,1,0
2,560000,2,1,1,2300
2,800000,2,2,1,55
2,665500,2,2,1,0
2,550055,2,1,2,1004
1,358000,1,1,1,649
1,320000,1,1,1,0
3,1000000,3,2,1,61
2,598000,2,1,1,0
2,950000,2,2,1,0
3,1065000,3,2,1,64
2,885000,2,1,1,111
2,587134,2,1,1,0
2,1286000,2,1,1,245
3,1200000,3,1,1,215
3,1382500,3,2,2,286
2,630000,2,2,1,0
4,1600000,4,2,1,464
3,1310000,3,2,1,267
2,1035000,2,1,0,140
3,1980000,3,2,4,613
2,592000,2,1,2,0
3,1335000,3,1,3,520
3,1710000,3,1,1,247
4,1590000,4,1,1,484
6,2000000,6,2,2,772
2,583000,2,2,1,0
2,418000,2,1,1,1882
3,860000,3,1,1,213
2,650000,2,2,2,55
4,1700000,4,2,1,415
2,1575000,2,1,3,607
2,950000,2,1,1,191
3,1655000,3,1,3,472
4,1950000,4,1,2,608
4,905000,2,1,1,314
3,1255000,3,2,1,259
2,601000,2,1,1,0
2,1020000,2,1,2,347
1,435000,1,1,2,0
2,790000,2,1,1,136
3,990000,2,1,2,497
2,605000,2,1,2,0
4,2270000,4,2,2,440
1,385000,1,1,0,0
2,900000,2,1,0,367
4,1340000,4,1,2,0
3,1300000,3,2,1,379
4,1310000,4,2,2,282
2,1112000,4,1,2,238
2,910000,2,1,2,229
3,830000,3,3,1,55
4,2100000,4,1,2,0
3,1190000,3,1,1,445
3,865000,3,1,2,184
4,2175000,5,2,1,573
3,1085000,3,1,2,610
1,312000,1,1,1,0
1,320000,1,1,0,0
2,890000,2,1,1,225
5,2700000,4,3,3,490
2,1101000,2,1,0,229
3,926000,3,1,2,380
3,1050000,3,1,0,158
3,1010000,3,1,1,178
5,2155000,5,2,2,692
2,430000,2,1,1,0
3,1900000,3,1,1,522
2,888000,2,1,1,190
2,1020000,2,1,1,354
3,1160000,2,3,2,425
2,844000,2,1,1,174
3,1860000,2,3,1,448
3,1676000,3,1,2,401
3,900000,3,2,2,608
3,1300000,3,1,1,328
3,810000,3,1,2,150
2,701000,2,1,1,0
1,410000,1,1,0,0
2,1255000,2,1,2,314
2,665000,2,1,1,120
2,1085000,2,2,1,152
3,2315000,3,1,2,899
2,1170000,2,1,3,453
2,875000,2,1,1,0
3,1715000,3,1,1,407
3,1396500,3,1,1,302
1,422000,1,1,1,0
3,1474000,3,1,0,304
3,1340000,3,2,1,165
3,980000,3,1,0,279
2,1035000,2,1,2,243
2,460000,2,1,1,0
3,1760000,2,2,2,403
3,975000,3,1,2,274
2,1095000,2,1,2,306
3,1121000,3,1,0,0
1,370000,2,1,1,0
3,1225000,3,1,2,307
4,2004000,3,2,1,569
2,1211000,2,1,1,178
5,4300000,4,4,3,569
3,1400000,3,1,1,335
2,770000,2,1,1,129
3,1090000,3,1,2,318
4,1830000,3,1,1,654
3,1000000,3,1,1,440
2,600000,2,1,1,671
2,692000,2,1,1,0
3,980000,3,2,2,195
4,1310000,4,2,1,355
2,1050000,2,1,2,301
5,1700000,5,3,1,450
3,2160000,3,2,1,338
3,1610000,3,1,2,501
1,400000,1,1,1,0
4,1420000,3,1,1,465
4,1950000,4,2,1,489
5,1820000,5,3,2,344
4,1900000,3,2,1,537
3,1080000,2,1,1,348
2,570000,2,1,1,0
3,1450000,3,1,1,489
3,1400000,3,1,2,582
2,1340000,2,1,1,297
1,340000,1,1,1,0
4,1300000,4,3,2,187
4,2340000,4,2,3,824
2,1634000,2,1,2,376
2,910000,2,1,1,150
4,1650000,4,1,1,382
3,1130000,3,2,1,229
4,3850000,4,4,8,1390
3,1510000,3,1,3,327
3,1500000,4,1,8,727
4,2315000,3,2,4,750
3,892000,3,1,3,757
2,592000,2,1,2,577
3,647000,3,1,2,250
4,865000,4,1,2,696
4,1350000,4,2,2,590
2,476000,2,1,1,189
4,830000,4,2,2,616
3,706000,3,1,0,715
4,920000,4,2,2,780
2,522000,2,1,1,161
3,358500,3,1,1,0
4,690000,3,1,1,553
4,800000,4,2,1,589
3,770000,3,2,2,272
5,1100000,5,2,4,783
3,727500,3,1,2,719
3,925000,3,1,4,815
2,475000,2,1,1,118
3,651000,3,2,2,198
3,770000,3,2,2,264
3,900000,3,1,1,705
3,815500,3,2,2,790
3,770000,3,2,2,382
2,585500,2,1,1,161
4,840000,4,1,2,704
4,1005000,4,1,1,780
2,470000,2,1,1,138
3,810000,3,1,3,763
3,550000,3,1,1,196
4,855333,4,1,2,694
5,900000,5,2,2,568
2,480000,2,1,2,0
3,680000,3,2,1,189
3,981000,3,1,2,646
4,876000,4,2,1,535
3,875000,3,2,1,258
4,651000,4,2,2,214
3,802000,1,1,2,533
3,995000,3,1,1,530
4,881500,4,2,2,581
5,900000,5,2,2,558
3,782000,3,2,2,0
2,580000,2,1,2,428
3,937500,3,1,2,530
3,1080000,3,2,2,716
3,1000000,3,2,2,575
3,1235000,3,1,4,743
4,801347,4,2,1,567
3,921000,3,1,2,535
6,1900000,6,2,6,1200
2,752500,2,1,1,308
4,800000,4,2,2,558
3,800000,3,1,2,252
3,1067000,3,1,2,648
4,1310000,4,2,4,993
3,800000,3,2,2,0
3,1260500,3,1,1,774
3,850500,3,1,2,531
2,625000,2,1,1,204
3,980500,3,2,2,727
3,1068000,3,2,2,609
4,937500,4,2,2,539
4,1126000,4,2,2,530
2,778000,2,1,1,806
4,1230000,4,2,2,357
3,1360000,3,2,1,0
2,1805000,2,1,1,187
1,352500,1,1,1,0
1,395000,1,1,1,2469
1,307000,1,1,1,0
2,2200000,2,2,1,190
1,485000,1,1,1,0
4,1717500,4,2,1,165
2,1265000,2,1,0,70
1,401000,1,1,1,0
4,2375000,4,2,2,182
2,1851000,2,1,1,172
2,734600,2,2,1,2427
4,1928000,4,1,0,194
1,526000,1,1,1,2488
3,2236000,4,2,1,154
1,500000,1,1,1,2431
3,1403000,3,2,2,2401
3,965000,3,2,2,173
3,1040000,3,2,1,0
1,526000,1,1,1,0
2,750000,2,1,1,2193
3,1120000,2,1,2,50
3,770000,3,1,4,560
2,915000,2,1,3,629
4,975000,4,1,1,733
3,770000,3,1,0,464
3,780000,3,1,1,446
3,600000,3,1,1,204
3,1465000,3,1,2,956
4,955000,4,2,2,686
3,767000,3,1,1,505
4,1196000,4,2,2,559
3,731000,3,1,2,568
2,555000,2,1,2,336
3,585000,3,1,1,180
2,480000,2,1,1,113
4,605000,4,2,1,215
2,495000,3,1,2,205
3,738000,3,1,1,821
2,386000,2,1,1,111
2,452000,2,1,1,159
3,522500,3,1,1,192
2,601500,2,1,1,253
3,1305000,3,1,1,735
2,741000,2,1,2,520
2,495000,2,1,1,207
5,1345000,5,2,5,759
2,530000,2,1,1,156
3,815000,2,1,1,438
4,930000,4,1,3,746
2,521500,2,1,1,0
4,730000,4,1,3,683
3,775000,3,1,1,406
4,990000,4,2,2,770
5,950000,5,2,2,705
2,915000,2,1,3,629
3,900000,3,1,1,570
3,810000,3,1,1,470
2,920000,2,1,2,650
3,835000,3,1,2,422
3,790000,3,3,1,291
4,810000,4,2,1,455
3,667500,3,2,2,167
2,500000,2,1,1,147
2,485000,2,1,1,139
2,488000,3,1,2,219
3,900000,3,2,2,608
2,680000,2,1,2,590
3,683500,3,1,2,590
3,590000,3,2,2,191
3,770000,3,1,3,464
3,815000,3,1,2,628
3,975000,3,1,3,686
4,970000,3,2,1,535
3,515000,3,1,2,0
3,940000,3,1,1,589
3,600000,3,3,1,205
2,510000,2,1,1,110
3,750000,3,2,2,540
4,822000,4,2,2,250
3,983000,3,1,2,650
3,600000,3,1,3,490
4,640000,3,2,2,353
3,430000,3,2,1,146
4,1350000,4,2,2,646
4,780000,4,1,1,556
2,474000,2,1,1,558
2,810000,2,1,1,783
4,723000,4,1,2,485
2,550500,2,1,2,135
2,610000,2,1,1,169
3,1000000,3,1,2,858
3,533000,3,2,2,197
2,630000,2,1,1,602
2,410000,2,1,1,105
3,600000,3,1,4,557
3,616000,3,1,1,190
3,792000,3,1,2,582
3,960000,3,1,2,641
4,985000,4,2,2,511
4,820000,4,1,1,420
3,670000,3,1,1,596
2,855000,2,1,2,659
4,665000,4,2,2,148
3,690000,3,1,1,507
3,880000,3,2,2,588
3,700000,3,1,2,449
3,600000,3,2,1,122
3,721000,3,1,2,542
2,720000,2,1,1,428
4,910000,4,2,0,934
2,1570000,2,1,1,746
2,525500,2,1,1,111
3,612500,3,1,1,522
1,248500,1,1,1,49
3,960000,3,2,2,501
2,1085000,3,1,2,847
3,650000,3,2,1,266
4,650000,4,1,2,410
4,937000,4,2,2,708
2,360000,2,1,1,119
3,500000,3,1,2,191
2,775000,2,1,2,527
3,599000,3,1,1,534
2,1100000,2,2,1,0
2,1240000,2,1,0,0
6,1800000,6,4,2,353
3,1150000,3,2,1,0
3,985000,3,1,0,171
3,1200000,3,2,2,0
2,1340000,2,2,2,21700
3,2200000,3,2,0,250
4,2105000,4,2,3,611
2,550000,2,1,1,0
2,1250000,2,2,2,0
2,575000,2,2,1,0
4,1915000,4,3,1,323
3,1630000,3,2,2,135
2,1000000,2,2,0,96
3,1470000,3,1,0,153
2,725000,2,2,2,0
2,1234500,3,1,0,183
2,600000,2,1,1,0
3,1342000,3,2,2,173
1,500000,1,1,1,0
2,795000,2,2,1,579
2,590000,2,2,1,0
4,1502000,4,1,2,146
2,1100000,2,2,1,0
3,1421000,3,2,1,215
2,845000,2,2,2,2166
2,720000,2,1,1,0
2,1275000,2,2,1,115
2,1000000,2,1,1,90
4,1820000,4,2,1,212
1,420000,1,1,1,0
2,600000,2,2,1,995
3,1916000,2,2,1,190
1,577000,1,1,1,0
2,655000,2,2,1,0
2,1016500,2,1,1,131
2,1350000,2,1,1,195
3,1560000,3,2,2,241
2,1035000,2,2,1,0
2,1070000,2,2,1,0
2,1060000,2,1,0,106
2,1610000,2,2,2,0
2,1101000,2,1,0,152
2,880000,2,1,2,163
2,730000,2,1,1,0
2,1080000,2,1,0,105
2,1115000,2,1,0,120
2,516000,2,1,1,0
3,1753000,3,2,1,225
2,825000,2,1,0,111
2,820000,2,2,2,2166
2,900000,2,1,0,124
5,2350000,5,1,2,350
3,1565000,3,1,2,188
3,1670000,3,2,1,140
3,1402000,3,1,0,108
3,1570000,3,2,1,210
3,1515000,3,2,0,211
2,1155000,2,1,0,112
2,1150000,2,1,0,82
2,875000,2,1,1,95
2,625000,2,2,1,2166
3,1384000,3,1,0,184
2,1405000,2,2,1,0
2,655000,2,1,1,0
1,456000,1,1,1,0
3,2260000,3,2,2,0
2,1130000,1,1,0,112
3,1305000,2,2,2,303
2,720000,2,2,1,0
2,1130000,2,1,1,159
2,520000,1,1,1,0
2,1250000,2,2,2,0
1,470000,1,1,1,0
2,600000,2,1,1,0
2,670000,2,1,1,0
3,1100000,3,1,0,103
2,1252000,2,1,2,0
2,1010000,2,1,1,139
2,779000,2,1,1,0
2,790000,2,1,1,108
1,455500,1,1,1,0
2,1400000,2,1,1,168
3,1520000,3,2,1,0
3,1655000,3,1,1,220
1,600000,1,1,1,6866
1,1014000,3,1,0,151
3,1351000,3,1,0,197
3,2460000,3,2,2,5042
1,540000,1,1,1,0
3,3705000,3,2,2,214
2,1180000,2,1,1,347
3,950000,3,2,2,0
3,1350000,3,1,1,114
3,2100000,3,2,1,170
2,735000,2,1,1,0
1,400000,1,1,1,0
2,900000,2,1,2,0
1,470000,1,1,1,0
4,2160000,3,3,2,232
3,1380000,3,1,0,0
3,1080000,3,1,2,116
3,1405000,3,2,1,158
2,650000,2,1,1,0
1,342000,1,1,1,0
2,950000,2,1,1,88
2,781000,2,1,1,0
1,549800,1,1,1,0
1,492000,1,1,1,1768
1,500500,1,1,1,0
3,1240000,3,1,0,223
3,1400000,3,2,2,0
3,685000,2,2,1,0
3,710000,2,1,1,0
1,330000,1,1,1,0
3,1430000,3,1,0,135
1,325000,1,1,1,0
3,1245000,2,2,1,128
2,830000,2,1,1,727
2,1182500,2,1,0,141
2,1303000,2,1,0,288
2,1210000,2,1,0,218
1,482500,2,1,1,443
3,1730000,2,2,1,210
2,1090000,2,1,1,158
3,1358000,2,1,1,189
2,585000,2,1,1,0
2,1106000,2,1,1,0
3,1650000,3,3,1,209
2,1590000,2,1,2,308
2,590000,2,1,1,356
2,1055000,2,1,0,203
3,1350000,3,2,2,0
2,700000,2,1,1,0
2,473000,2,1,1,0
3,1100000,2,1,1,111
2,1200000,2,3,1,91
2,530000,2,1,1,0
3,1651000,3,1,2,294
2,615000,2,1,1,0
2,1500000,2,1,2,222
2,1460000,2,1,2,227
2,841000,2,2,1,0
2,570000,2,1,1,0
2,480000,2,1,2,0
2,1310000,2,1,1,162
3,1530000,3,1,0,231
2,560000,2,1,1,0
2,1300000,3,1,1,126
2,815000,2,1,0,96
2,765000,2,1,0,98
2,910000,2,1,1,183
3,1450000,3,2,3,1958
2,1540000,2,2,1,113
3,1811000,3,2,1,273
2,1180000,2,1,0,214
2,510000,2,1,1,0
3,1015000,3,3,1,0
3,1720000,3,2,2,183
3,1050000,3,2,1,8216
2,1582000,2,1,0,214
3,2385000,3,2,2,217
2,681000,2,2,1,0
4,1820000,4,1,1,305
2,1305000,2,1,1,131
3,1255000,3,1,1,231
3,2180000,2,2,2,238
2,712500,2,2,1,0
3,1720000,3,2,1,272
2,1021000,2,1,1,175
3,1220000,3,2,1,112
1,240000,1,1,1,0
2,1500000,2,1,2,236
3,1612000,3,2,0,146
3,1442000,3,1,2,199
3,1250000,3,1,2,644
3,855000,3,1,2,584
4,930000,4,2,2,604
4,900000,4,2,1,530
4,1004000,3,0,0,650
3,930000,3,1,2,518
3,1200000,3,2,1,465
3,721000,3,1,1,581
3,751000,3,1,0,148
2,835000,2,1,1,490
3,637000,3,1,2,327
3,1265000,3,2,1,465
3,1100000,3,2,3,490
4,1082000,4,2,3,534
2,715000,2,1,1,132
5,630000,5,5,3,199
2,837000,2,1,3,581
3,950000,3,1,2,563
3,840000,3,1,2,647
3,496000,3,1,1,266
4,931000,2,1,1,499
2,942000,2,2,0,3037
2,650000,2,1,1,360
2,850000,2,1,1,356
3,560000,4,1,2,591
2,540000,2,1,2,250
3,1150000,3,1,2,566
3,965000,3,1,2,581
3,700000,3,1,2,562
3,615000,3,1,2,493
2,775000,2,1,1,521
3,735000,3,1,2,369
3,550000,3,2,1,164
3,1000000,3,1,2,463
2,780000,2,1,3,475
4,810000,4,2,2,1034
3,843000,3,1,1,537
2,600000,2,1,2,220
3,925000,3,1,2,693
1,305000,1,1,1,41
3,1080000,3,2,1,369
2,656000,2,1,1,205
2,799900,2,1,2,460
3,916000,3,1,3,523
3,1000000,3,2,2,143
4,914000,4,1,1,339
3,1650000,3,1,2,452
3,990000,3,2,2,475
2,512000,2,1,1,145
3,600000,3,1,3,503
4,910000,4,1,1,582
3,485000,3,1,1,244
3,900000,3,1,1,527
4,1000000,4,1,2,568
2,722000,2,1,1,400
3,910000,3,1,1,486
4,1260000,4,3,2,654
2,635000,2,1,1,79
3,550000,3,1,1,405
2,485000,2,1,1,117
3,690000,3,1,1,594
2,1065000,2,1,3,507
3,1200000,3,1,1,847
3,798000,3,2,2,212
2,850000,2,1,1,669
3,1355000,3,1,2,916
3,815000,3,1,1,0
3,971000,3,1,2,610
2,530000,2,1,1,106
3,900000,3,1,1,472
2,700000,2,1,1,214
3,930000,3,1,0,453
2,920000,2,2,2,516
3,842000,3,1,1,398
1,830000,1,1,0,397
3,980000,3,2,1,479
3,800000,3,3,2,421
4,930000,4,2,2,544
3,930000,3,1,2,468
2,886000,2,1,2,467
3,1080000,3,1,1,487
3,1040000,2,1,2,555
4,1400000,4,2,2,559
2,660000,2,1,1,113
2,436000,2,1,1,0
2,876000,2,1,2,479
2,910000,2,2,1,352
3,1000000,3,2,2,227
3,800000,3,1,2,516
3,928000,3,2,1,0
3,1070000,3,1,2,585
2,565000,2,1,2,349
3,714000,3,2,2,185
2,770000,2,2,1,76
3,1226000,3,1,4,707
3,810000,2,1,1,421
3,1127000,3,2,2,590
3,750000,3,1,2,409
3,980000,3,1,1,485
3,670000,3,1,2,271
4,1315000,4,3,2,836
2,780000,2,1,1,310
2,986000,2,1,1,472
2,771000,2,1,1,484
4,760000,9,8,7,1254
3,850000,3,2,1,0
3,890000,3,1,2,454
2,1088000,2,1,2,712
3,1123000,3,1,2,504
4,600000,4,1,2,236
1,300000,1,1,1,0
2,890000,2,1,3,493
3,1040000,3,2,1,313
3,1050000,3,2,1,453
2,900000,2,1,1,529
2,425000,2,2,1,1485
2,515000,2,1,1,187
3,1040000,3,1,2,399
2,520000,2,1,2,178
3,605000,3,1,2,192
3,890000,3,1,2,495
2,790000,2,1,1,266
,630000,2,1,1,372
4,660000,4,2,1,0
3,810000,3,1,1,520
4,875000,4,1,2,400
3,923000,3,1,0,333
4,920000,3,1,1,396
3,1150000,3,1,4,728
4,871000,4,2,1,561
4,910000,4,1,3,577
3,1330000,3,2,3,502
4,950000,4,2,1,243
3,821000,3,1,2,396
3,888500,3,1,2,497
4,870000,4,1,2,400
3,1186000,2,1,1,713
3,900000,3,1,2,560
3,800000,3,1,2,207
3,1030000,3,2,3,427
4,1615000,3,2,3,890
3,715000,2,1,1,467
2,610000,2,1,1,126
3,1162500,3,2,2,463
4,1142500,3,1,2,560
3,930000,3,1,2,679
3,875000,3,2,1,650
4,840000,4,1,2,390
3,805000,2,1,2,468
3,750000,3,3,2,0
4,750000,3,2,2,500
3,475000,3,1,1,191
2,415000,2,1,1,189
3,731000,3,1,2,779
2,352000,2,1,1,117
3,723000,3,1,1,535
2,336000,2,1,1,99
3,685000,3,1,1,1262
3,620000,3,2,2,207
3,620000,3,1,2,762
3,1025000,3,2,2,676
2,490000,2,1,1,91
3,805000,3,1,2,227
4,770000,4,1,2,855
3,645000,3,1,2,280
3,1005000,3,2,4,466
2,931000,2,1,1,487
2,810000,2,1,2,950
2,535000,2,1,1,234
3,920000,3,2,2,623
3,800000,3,1,5,4679
3,510000,3,1,2,543
3,651000,3,2,3,649
3,502500,2,1,2,491
2,365000,2,1,1,360
2,405000,2,1,1,171
3,620500,3,2,1,158
3,730000,2,1,1,546
1,260000,1,1,1,141
3,665000,3,1,4,503
3,625000,3,2,1,267
2,357500,2,1,1,129
2,427500,2,1,1,146
4,851000,4,2,2,581
3,998000,3,2,3,479
4,1030000,4,2,3,630
